Datetime,Open,High,Low,Close,Volume,returns,rolling_volatility,rolling_volume,momentum
2025-11-24 09:00:00+00:00,272.5,272.5,272.19,272.19,1357,0.0,0.0,792.1,0.0
2025-11-24 09:01:00+00:00,272.26,272.26,272.26,272.26,573,0.0002571732980638508,0.0,792.1,0.06999999999999318
2025-11-24 09:02:00+00:00,272.28,272.48,272.28,272.48,1371,0.0008080511275987412,0.0,792.1,0.22000000000002728
2025-11-24 09:06:00+00:00,272.19,272.4,272.19,272.4,1999,-0.0002935995302408845,0.0,792.1,-0.08000000000004093
2025-11-24 09:07:00+00:00,272.36,272.36,272.36,272.36,249,-0.00014684287812027907,0.0,792.1,-0.03999999999996362
2025-11-24 09:08:00+00:00,272.23,272.23,272.22,272.22,463,-0.0005140255544132666,0.0,792.1,-0.13999999999998636
2025-11-24 09:09:00+00:00,272.21,272.21,272.2,272.2,442,-7.346998751023293e-05,0.0,792.1,-0.020000000000038654
2025-11-24 09:14:00+00:00,272.09,272.09,271.97,271.97,2299,-0.0008449669360762746,0.0,792.1,-0.22999999999996135
2025-11-24 09:15:00+00:00,272.04,272.04,272.04,272.04,612,0.0002573813288229143,0.0,792.1,0.06999999999999318
2025-11-24 09:16:00+00:00,271.84,271.84,271.54,271.54,2139,-0.0018379650051463248,0.0,792.1,-0.5
2025-11-24 09:17:00+00:00,271.68,271.88,271.68,271.88,742,0.001252117551741927,0.0,792.1,0.339999999999975
2025-11-24 09:18:00+00:00,271.68,271.68,271.56,271.56,1045,-0.0011769898484624841,0.0,792.1,-0.3199999999999932
2025-11-24 09:19:00+00:00,271.85,271.85,271.85,271.85,156,0.0010679039622920605,0.0,792.1,0.29000000000002046
2025-11-24 09:20:00+00:00,271.9,271.9,271.9,271.9,313,0.0001839249586166325,0.0,792.1,0.049999999999954525
2025-11-24 09:21:00+00:00,271.75,271.75,271.75,271.75,250,-0.0005516734093415909,0.0,792.1,-0.14999999999997726
2025-11-24 09:22:00+00:00,271.73,271.73,271.52,271.52,3373,-0.0008463661453542715,0.0,792.1,-0.2300000000000182
2025-11-24 09:23:00+00:00,271.4,271.4,271.35,271.35,725,-0.000626104890983914,0.0,792.1,-0.16999999999995907
2025-11-24 09:24:00+00:00,271.2,271.39,271.2,271.34,1566,-3.6852773171336395e-05,0.0,792.1,-0.010000000000047748
2025-11-24 09:25:00+00:00,271.32,271.32,271.03,271.03,2163,-0.001142478071791908,0.0,792.1,-0.3100000000000023
2025-11-24 09:26:00+00:00,271.0,271.0,270.45,270.45,1774,-0.0021399845035604548,0.0,792.1,-0.5799999999999841
2025-11-24 09:29:00+00:00,270.68,270.68,270.68,270.68,332,0.0008504344610833492,0.0,792.1,0.2300000000000182
2025-11-24 09:30:00+00:00,270.9,270.9,270.9,270.9,328,0.0008127678439484587,0.0,792.1,0.21999999999997044
2025-11-24 09:31:00+00:00,270.86,270.89,270.86,270.88,678,-7.3827980804686e-05,0.0,792.1,-0.01999999999998181
2025-11-24 09:32:00+00:00,270.88,270.88,270.88,270.88,228,0.0,0.0,792.1,0.0
2025-11-24 09:40:00+00:00,271.02,271.02,271.02,271.02,271,0.0005168340224452894,0.0,792.1,0.13999999999998636
2025-11-24 09:41:00+00:00,270.88,270.88,270.88,270.88,297,-0.0005165670430226088,0.0,792.1,-0.13999999999998636
2025-11-24 10:01:00+00:00,270.81,270.81,270.81,270.81,366,-0.0002584170112226447,0.0,792.1,-0.06999999999999318
2025-11-24 10:11:00+00:00,270.93,270.99,270.93,270.99,511,0.000664672648720499,0.0,792.1,0.18000000000000682
2025-11-24 10:23:00+00:00,270.8,270.8,270.8,270.8,195,-0.0007011328831322272,0.0,792.1,-0.18999999999999773
2025-11-24 10:28:00+00:00,270.7,270.7,270.69,270.69,382,-0.00040620384047274083,0.0,792.1,-0.11000000000001364
2025-11-24 10:29:00+00:00,270.7,270.7,270.7,270.7,778,3.694262809861293e-05,0.0,792.1,0.009999999999990905
2025-11-24 10:31:00+00:00,270.81,271.0,270.81,271.0,1376,0.0011082379017361976,0.0,792.1,0.30000000000001137
2025-11-24 10:33:00+00:00,271.0,271.0,270.99,270.99,776,-3.690036900361182e-05,0.0,792.1,-0.009999999999990905
2025-11-24 11:12:00+00:00,270.55,270.6,270.5,270.5,2027,-0.001808184803867352,0.0,792.1,-0.4900000000000091
2025-11-24 11:16:00+00:00,270.59,270.59,270.59,270.59,381,0.0003327171903881876,0.0,792.1,0.08999999999997499
2025-11-24 11:20:00+00:00,270.7,270.81,270.7,270.81,563,0.000813038175837999,0.0,792.1,0.22000000000002728
2025-11-24 11:22:00+00:00,270.78,270.78,270.78,270.78,604,-0.00011077877478682385,0.0,792.1,-0.03000000000002956
2025-11-24 11:26:00+00:00,270.65,270.65,270.65,270.65,636,-0.000480094541694398,0.0,792.1,-0.12999999999999545
2025-11-24 11:30:00+00:00,270.75,270.75,270.75,270.75,211,0.00036948087936461427,0.0,792.1,0.10000000000002274
2025-11-24 11:35:00+00:00,270.65,270.65,270.65,270.65,639,-0.000369344413665873,0.0,792.1,-0.10000000000002274
2025-11-24 11:42:00+00:00,270.79,270.79,270.79,270.79,416,0.0005172732311105044,0.0,792.1,0.1400000000000432
2025-11-24 11:43:00+00:00,270.89,270.9,270.89,270.9,765,0.0004062188411682044,0.0,792.1,0.1099999999999568
2025-11-24 11:44:00+00:00,271.13,271.13,271.13,271.13,468,0.0008490217792544996,0.0,792.1,0.2300000000000182
2025-11-24 11:47:00+00:00,271.05,271.05,271.05,271.05,449,-0.00029506140965585015,0.0,792.1,-0.07999999999998408
2025-11-24 11:49:00+00:00,271.14,271.14,271.14,271.14,569,0.0003320420586607753,0.0,792.1,0.08999999999997499
2025-11-24 11:50:00+00:00,271.17,271.17,271.17,271.17,605,0.00011064394777626774,0.0,792.1,0.03000000000002956
2025-11-24 11:52:00+00:00,271.47,271.47,271.47,271.47,385,0.0011063170704723735,0.0,792.1,0.30000000000001137
2025-11-24 11:53:00+00:00,271.45,271.45,271.45,271.45,319,-7.367296570537363e-05,0.0,792.1,-0.020000000000038654
2025-11-24 12:00:00+00:00,271.31,271.39,271.31,271.36,2389,-0.0003315527721494682,0.0,792.1,-0.08999999999997499
2025-11-24 12:02:00+00:00,271.25,271.25,271.25,271.25,283,-0.0004053655660377631,0.0,792.1,-0.11000000000001364
2025-11-24 12:03:00+00:00,271.25,271.25,271.2,271.23,1491,-7.373271889399291e-05,0.0,792.1,-0.01999999999998181
2025-11-24 12:04:00+00:00,271.18,271.18,271.18,271.18,741,-0.00018434538952183388,0.0,792.1,-0.05000000000001137
2025-11-24 12:06:00+00:00,271.3,271.3,271.29,271.29,524,0.00040563463382259357,0.0,792.1,0.11000000000001364
2025-11-24 12:12:00+00:00,271.19,271.19,271.19,271.19,225,-0.00036860923734760576,0.0,792.1,-0.10000000000002274
2025-11-24 12:13:00+00:00,271.17,271.2,271.17,271.2,332,3.687451602196745e-05,0.0,792.1,0.009999999999990905
2025-11-24 12:17:00+00:00,271.27,271.27,271.27,271.27,191,0.0002581120943951909,0.0,792.1,0.06999999999999318
2025-11-24 12:18:00+00:00,271.26,271.26,271.26,271.26,113,-3.686364139043885e-05,0.0,792.1,-0.009999999999990905
2025-11-24 12:19:00+00:00,271.21,271.21,271.17,271.2,602,-0.00022119000221187957,0.0,792.1,-0.060000000000002274
2025-11-24 12:20:00+00:00,271.2,271.24,271.2,271.24,343,0.00014749262536883911,0.0,792.1,0.040000000000020464
2025-11-24 12:22:00+00:00,271.27,271.27,271.23,271.23,1126,-3.6867718625543944e-05,0.0006974372324566174,792.1,-0.009999999999990905
2025-11-24 12:25:00+00:00,271.35,271.5,271.35,271.5,5788,0.0009954651034176365,0.0007105726589927087,865.95,0.2699999999999818
2025-11-24 12:29:00+00:00,271.86,271.86,271.86,271.86,290,0.0013259668508287525,0.0007312956090105706,861.2333333333333,0.36000000000001364
2025-11-24 12:31:00+00:00,271.74,271.74,271.74,271.74,182,-0.0004414036636504193,0.0007249558505493677,841.4166666666666,-0.12000000000000455
2025-11-24 12:32:00+00:00,271.71,271.71,271.71,271.71,297,-0.00011039964672121538,0.0007242768232469503,813.05,-0.03000000000002956
2025-11-24 12:33:00+00:00,271.68,271.68,271.67,271.67,482,-0.00014721578153165105,0.0007242777396522582,816.9333333333333,-0.03999999999996362
2025-11-24 12:35:00+00:00,271.67,271.67,271.67,271.67,325,0.0,0.000721635234683315,814.6333333333333,0.0
2025-11-24 12:36:00+00:00,271.65,271.65,271.65,271.65,234,-7.361872860467411e-05,0.0007216353747448402,811.1666666666666,-0.020000000000038654
2025-11-24 12:39:00+00:00,271.67,271.68,271.55,271.58,2006,-0.0002576845205226608,0.0007143881642218224,806.2833333333333,-0.06999999999999318
2025-11-24 12:40:00+00:00,271.63,271.65,271.63,271.65,573,0.00025775093894986334,0.0007143906303540607,805.6333333333333,0.06999999999999318
2025-11-24 12:42:00+00:00,271.63,271.63,271.55,271.55,509,-0.00036812074360381697,0.0006752504346266359,778.4666666666667,-0.0999999999999659
2025-11-24 12:43:00+00:00,271.5,271.54,271.45,271.54,2365,-3.682563063889255e-05,0.0006549660914998976,805.5166666666667,-0.009999999999990905
2025-11-24 12:45:00+00:00,271.73,271.74,271.73,271.74,1082,0.0007365397363188197,0.0006442052079879764,806.1333333333333,0.19999999999998863
2025-11-24 12:48:00+00:00,271.78,271.78,271.78,271.78,1038,0.00014719952896147248,0.0006294045202137131,820.8333333333334,0.03999999999996362
2025-11-24 12:49:00+00:00,271.82,271.82,271.82,271.82,587,0.00014717786444928826,0.0006292363175186428,825.4,0.040000000000020464
2025-11-24 12:50:00+00:00,271.78,271.78,271.72,271.72,468,-0.0003678905157823431,0.0006269718770492888,829.0333333333333,-0.0999999999999659
2025-11-24 12:51:00+00:00,271.76,271.76,271.76,271.76,303,0.0001472103636095401,0.0006173300162971252,777.8666666666667,0.03999999999996362
2025-11-24 12:53:00+00:00,271.7,271.7,271.7,271.7,249,-0.00022078304386219383,0.0006123945119819189,769.9333333333333,-0.060000000000002274
2025-11-24 12:54:00+00:00,271.7,271.8,271.7,271.8,1050,0.0003680529996319404,0.0006139676529045941,761.3333333333334,0.10000000000002274
2025-11-24 12:55:00+00:00,271.88,271.93,271.88,271.92,1636,0.00044150110375285045,0.0005965756534545842,752.55,0.12000000000000455
2025-11-24 12:56:00+00:00,271.98,272.19,271.94,271.94,2828,7.355104442474669e-05,0.0005223769982414557,770.1166666666667,0.01999999999998181
2025-11-24 12:57:00+00:00,272.13,272.14,272.13,272.14,255,0.0007354563506656309,0.0005197507856760487,768.8333333333334,0.19999999999998863
2025-11-24 12:59:00+00:00,272.11,272.11,272.09,272.09,922,-0.00018372896303375796,0.0005121222384529199,778.7333333333333,-0.05000000000001137
2025-11-24 13:00:00+00:00,270.75,272.9,270.5,272.7,1099028,0.0022419052519386806,0.0005831859348197125,19084.566666666666,0.6100000000000136
2025-11-24 13:01:00+00:00,272.5,272.5,272.0,272.0,1124,-0.0025669233590025486,0.0006779753103152664,19099.5,-0.6999999999999886
2025-11-24 13:02:00+00:00,271.1703,272.0157,271.1703,272.0157,4849,5.772058823527715e-05,0.0006754212410686661,19175.8,0.015699999999981173
2025-11-24 13:03:00+00:00,272.0,272.04,271.9,271.9,4428,-0.00042534309600517073,0.0006741998582189798,19244.65,-0.11570000000000391
2025-11-24 13:04:00+00:00,271.89,271.99,271.89,271.91,1229,3.677822728964664e-05,0.0006728913947723949,19259.033333333333,0.010000000000047748
2025-11-24 13:05:00+00:00,271.98,272.01,271.98,272.01,1926,0.0003677687470118318,0.0006695107456419089,19282.616666666665,0.0999999999999659
2025-11-24 13:06:00+00:00,272.0,272.0,272.0,272.0,668,-3.676335428837163e-05,0.0006621145726431438,19290.5,-0.009999999999990905
2025-11-24 13:08:00+00:00,272.1,272.2,272.09,272.1837,1434,0.0006753676470587777,0.0006635432787842708,19308.033333333333,0.18369999999998754
2025-11-24 13:09:00+00:00,272.2,272.2999,272.19,272.2,2260,5.988602550410782e-05,0.0006635176599201989,19332.733333333334,0.01630000000000109
2025-11-24 13:10:00+00:00,272.2,272.39,272.2,272.25,2496,0.00018368846436445097,0.0006501250986479853,19351.4,0.05000000000001137
2025-11-24 13:11:00+00:00,272.45,272.45,272.35,272.35,1011,0.00036730945821861205,0.0006510194365167714,19355.316666666666,0.10000000000002274
2025-11-24 13:13:00+00:00,272.338,272.338,272.33,272.33,1683,-7.343491830380522e-05,0.0006022731593729272,19349.583333333332,-0.020000000000038654
2025-11-24 13:15:00+00:00,272.35,272.35,272.35,272.35,404,7.344031138711848e-05,0.0006015965320807474,19349.966666666667,0.020000000000038654
2025-11-24 13:16:00+00:00,272.3,272.3516,272.29,272.3516,1062,5.87479346436659e-06,0.000594552402746651,19358.283333333333,0.001599999999996271
2025-11-24 13:17:00+00:00,272.3,272.3337,272.3,272.3337,762,-6.572386576764178e-05,0.0005943167819796292,19360.916666666668,-0.017899999999997362
2025-11-24 13:18:00+00:00,272.4,272.4,272.4,272.4,310,0.00024345132460634744,0.0005897620440339824,19355.483333333334,0.06629999999995562
2025-11-24 13:19:00+00:00,272.3,272.3,272.3,272.3,658,-0.0003671071953008642,0.0005918808331937467,19362.933333333334,-0.0999999999999659
2025-11-24 13:20:00+00:00,272.3,272.3,272.3,272.3,703,0.0,0.0005888793234124808,19364.0,0.0
2025-11-24 13:22:00+00:00,272.15,272.26,272.15,272.26,365,-0.00014689680499457847,0.0005871707541281508,19363.15,-0.040000000000020464
2025-11-24 13:23:00+00:00,272.24,272.24,272.21,272.21,374,-0.00018364798354519873,0.0005867313606667828,19356.633333333335,-0.05000000000001137
2025-11-24 13:24:00+00:00,272.22,272.26,272.22,272.26,688,0.00018368171632210384,0.0005781869482352153,19360.3,0.05000000000001137
2025-11-24 13:25:00+00:00,272.33,272.42,272.33,272.37,2919,0.0004040255637993706,0.0005777599478497908,19401.466666666667,0.11000000000001364
2025-11-24 13:26:00+00:00,272.43,272.5,272.43,272.5,2513,0.00047729191908074675,0.0005791317412018918,19433.866666666665,0.12999999999999545
2025-11-24 13:27:00+00:00,272.59,272.59,272.49,272.49,2738,-3.669724770638538e-05,0.0005793272900150811,19469.416666666668,-0.009999999999990905
2025-11-24 13:28:00+00:00,272.53,272.53,272.5,272.51,956,7.339718888754732e-05,0.0005634758435108595,19478.933333333334,0.01999999999998181
2025-11-24 13:29:00+00:00,272.54,272.55,272.54,272.55,538,0.00014678360427144987,0.0005632823906251156,19482.583333333332,0.040000000000020464
2025-11-24 13:30:00+00:00,272.5,272.56,272.5,272.56,685,3.669051550181379e-05,0.0005608609855340645,19454.183333333334,0.009999999999990905
2025-11-24 13:31:00+00:00,272.59,272.67,272.59,272.59,2959,0.00011006750807140975,0.0005573352295245582,19498.783333333333,0.029999999999972715
2025-11-24 13:32:00+00:00,272.55,272.55,272.53,272.53,730,-0.0002201107890972276,0.0005583492082397578,19486.1,-0.060000000000002274
2025-11-24 13:33:00+00:00,272.5,272.7,272.3274,272.3274,913,-0.0007434043958461922,0.0005674237711609172,19488.966666666667,-0.20259999999996126
2025-11-24 13:34:00+00:00,272.2608,272.2608,272.2608,272.2608,295,-0.00024455857177796414,0.000567124109259646,19485.15,-0.066599999999994
2025-11-24 13:35:00+00:00,272.4001,272.4001,272.4,272.4,688,0.000511274483877111,0.0005672373251307159,19492.866666666665,0.1391999999999598
2025-11-24 13:36:00+00:00,272.45,272.6267,272.38,272.6267,1352,0.0008322320117475357,0.0005755786434862207,19509.866666666665,0.22670000000005075
2025-11-24 13:37:00+00:00,272.6219,272.6219,272.6219,272.6219,473,-1.7606492687782804e-05,0.0005752949291945122,19514.566666666666,-0.004800000000045657
2025-11-24 13:38:00+00:00,272.48,272.48,272.44,272.44,1069,-0.0006672244599571497,0.0005832225341126281,19530.5,-0.18189999999998463
2025-11-24 13:39:00+00:00,272.4,272.5,272.4,272.5,735,0.00022023197768317182,0.000582238143784894,19532.716666666667,0.060000000000002274
2025-11-24 13:40:00+00:00,272.46,272.58,272.46,272.46,613,-0.00014678899082576358,0.0005828979722914567,19537.216666666667,-0.040000000000020464
2025-11-24 13:41:00+00:00,272.3504,272.3504,272.3504,272.3504,287,-0.00040226088233130675,0.0005859867288975767,19523.233333333334,-0.10960000000000036
2025-11-24 13:43:00+00:00,272.35,272.3981,272.35,272.3981,678,0.00017514202292345793,0.0005734368046643322,19438.066666666666,0.04770000000002028
2025-11-24 13:44:00+00:00,272.31,272.35,272.29,272.35,2623,-0.00017657979259022571,0.0005493017918972065,19476.95,-0.04809999999997672
2025-11-24 13:45:00+00:00,272.4,272.4,272.4,272.4,1416,0.00018358729575895794,0.0005461245631355776,19497.516666666666,0.049999999999954525
2025-11-24 13:46:00+00:00,272.33,272.33,272.23,272.23,3533,-0.0006240822320116024,0.0005525204452248578,19551.45,-0.16999999999995907
2025-11-24 13:47:00+00:00,272.16,272.16,272.16,272.16,1053,-0.00025713551041395277,0.0005533064724028287,19560.966666666667,-0.06999999999999318
2025-11-24 13:48:00+00:00,272.01,272.0183,271.92,272.0,4982,-0.0005878894767784582,0.0005590257820446952,19638.583333333332,-0.160000000000025
2025-11-24 13:49:00+00:00,272.0,272.0,271.7664,271.7664,1228,-0.0008588235294118007,0.0005703400351184006,19655.15,-0.233600000000024
2025-11-24 13:50:00+00:00,271.9,271.9,271.8125,271.8125,852,0.00016963097719235876,0.000569642600143362,19635.916666666668,0.04610000000002401
2025-11-24 13:51:00+00:00,271.9554,272.0,271.9554,271.99,650,0.0006530236836055359,0.0005747669831058611,19637.2,0.1775000000000091
2025-11-24 13:52:00+00:00,271.7733,271.91,271.7733,271.91,1689,-0.0002941284606050587,0.0005739967858799119,19656.866666666665,-0.07999999999998408
2025-11-24 13:53:00+00:00,271.91,271.95,271.85,271.85,826,-0.0002206612482071879,0.0005748075052603056,19631.216666666667,-0.060000000000002274
2025-11-24 13:54:00+00:00,271.88,271.89,271.88,271.89,889,0.000147139966893306,0.0005673278762879666,19628.0,0.03999999999996362
2025-11-24 13:55:00+00:00,271.77,271.91,271.77,271.86,1070,-0.00011033873993149257,0.0005672415362658967,19628.533333333333,-0.029999999999972715
2025-11-24 13:56:00+00:00,271.92,271.95,271.9,271.9,641,0.00014713455455006574,0.000567241352383458,19629.433333333334,0.03999999999996362
2025-11-24 13:57:00+00:00,271.87,271.87,271.87,271.87,939,-0.00011033468186827378,0.00056534254226056,19637.283333333333,-0.029999999999972715
2025-11-24 13:58:00+00:00,271.93,271.98,271.93,271.98,954,0.000404605142163561,0.0005673792475053319,19648.133333333335,0.11000000000001364
2025-11-24 13:59:00+00:00,272.0,272.0,271.92,271.92,603,-0.00022060445620997182,0.0005673779973218421,19654.033333333333,-0.060000000000002274
2025-11-24 14:00:00+00:00,271.99,272.0,271.9,271.95,786,0.00011032656663712004,0.0005656223005096987,19649.633333333335,0.029999999999972715
2025-11-24 14:02:00+00:00,272.02,272.04,271.77,271.91,12512,-0.0001470858613714654,0.0005630987748286736,19830.9,-0.03999999999996362
2025-11-24 14:04:00+00:00,272.1538,272.1538,272.1538,272.1538,579,0.0008966202052147487,0.0005748354694853236,19793.416666666668,0.2437999999999647
2025-11-24 14:05:00+00:00,272.1501,272.19,272.1,272.14,2645,-5.070662250539204e-05,0.000567001296868208,19833.25,-0.013800000000003365
2025-11-24 14:06:00+00:00,272.22,272.273,272.22,272.273,965,0.0004887190416698051,0.0005699431829673594,19833.966666666667,0.1330000000000382
2025-11-24 14:08:00+00:00,272.29,272.37,272.24,272.31,5587,0.0001358930191388552,0.0004894056755520662,1609.95,0.03699999999997772
2025-11-24 14:09:00+00:00,272.35,272.4699,272.33,272.33,3115,7.344570526224281e-05,0.00035788928516041667,1643.1333333333334,0.01999999999998181
2025-11-24 14:10:00+00:00,272.37,272.46,272.36,272.37,1520,0.00014688062277401492,0.0003582323511602034,1587.65,0.040000000000020464
2025-11-24 14:11:00+00:00,272.4425,272.47,272.37,272.47,1292,0.0003671476300621812,0.0003560713756951891,1535.3833333333334,0.10000000000002274
2025-11-24 14:12:00+00:00,272.4,272.45,272.33,272.33,2831,-0.0005138180350131583,0.00036305040826359694,1562.0833333333333,-0.1400000000000432
2025-11-24 14:13:00+00:00,272.38,272.46,272.06,272.06,1759,-0.000991444203723324,0.00038319691831817295,1559.3,-0.2699999999999818
2025-11-24 14:14:00+00:00,272.34,272.34,272.25,272.25,1127,0.0006983753583769126,0.0003935133395338185,1566.95,0.18999999999999773
2025-11-24 14:15:00+00:00,272.3,272.3,272.12,272.3,4810,0.00018365472910941705,0.000384553954019829,1623.2166666666667,0.05000000000001137
2025-11-24 14:16:00+00:00,272.22,272.28,272.22,272.28,601,-7.344840249734474e-05,0.00038462953673555514,1595.5666666666666,-0.020000000000038654
2025-11-24 14:17:00+00:00,272.33,272.4,272.3,272.39,1395,0.0004039958865873494,0.0003874060897591994,1577.2166666666667,0.11000000000001364
2025-11-24 14:18:00+00:00,272.21,272.26,272.1525,272.26,982,-0.0004772568743345307,0.0003894910346443653,1576.7333333333333,-0.12999999999999545
2025-11-24 14:19:00+00:00,272.26,272.26,272.25,272.25,1665,-3.6729596708973133e-05,0.0003894112358813669,1576.4333333333334,-0.009999999999990905
2025-11-24 14:20:00+00:00,272.14,272.2816,272.05,272.14,2022,-0.00040404040404040664,0.00039265018532976827,1603.4,-0.11000000000001364
2025-11-24 14:21:00+00:00,272.05,272.2,272.05,272.2,373,0.00022047475564046515,0.00039379871436828767,1591.9166666666667,0.060000000000002274
2025-11-24 14:22:00+00:00,272.1,272.1,272.1,272.1,654,-0.0003673769287287909,0.0003964491821501569,1590.1166666666666,-0.0999999999999659
2025-11-24 14:23:00+00:00,272.1077,272.1077,271.95,272.02,5215,-0.0002940095553106703,0.0003966000990233641,1671.8666666666666,-0.08000000000004093
2025-11-24 14:24:00+00:00,271.8,271.94,271.7,271.7,5651,-0.0011763840894051247,0.0004214758329770149,1755.0833333333333,-0.3199999999999932
2025-11-24 14:25:00+00:00,271.7,271.7,271.15,271.5,31181,-0.0007361059992638808,0.0004309960103312989,2263.05,-0.19999999999998863
2025-11-24 14:26:00+00:00,271.5,271.6548,271.5,271.55,21289,0.0001841620626150675,0.0004318390680170409,2611.7833333333333,0.05000000000001137
2025-11-24 14:27:00+00:00,271.5,271.73,270.75,271.11,20056,-0.0016203277481127154,0.0004771945862005079,2939.8166666666666,-0.4399999999999977
2025-11-24 14:28:00+00:00,270.92,271.13,270.83,271.0988,19113,-4.131164471998794e-05,0.0004760710159609606,3246.9,-0.011200000000030741
2025-11-24 14:29:00+00:00,270.9,271.13,270.86,271.12,14906,7.82002723731523e-05,0.00047240344123426585,3446.6833333333334,0.021200000000021646
2025-11-24 14:30:00+00:00,271.15,273.6699,270.9,273.21,1197189,0.007708763647093386,0.0011092795733726106,23357.95,2.089999999999975
2025-11-24 14:31:00+00:00,273.21,274.259,273.17,273.9848,353134,0.0028359137659677014,0.0011662664494812853,29197.883333333335,0.7748000000000275
2025-11-24 14:32:00+00:00,273.995,274.82,273.95,274.605,291048,0.0022636292232269817,0.0011994829796935806,34032.75,0.6202000000000112
2025-11-24 14:33:00+00:00,274.66,275.135,274.558,275.06,496282,0.0016569254019409563,0.0012156116645385712,42295.15,0.4549999999999841
2025-11-24 14:34:00+00:00,275.02,275.42,274.7625,275.05,270134,-3.635570421001155e-05,0.0012157672224404556,46785.96666666667,-0.009999999999990905
2025-11-24 14:35:00+00:00,275.05,275.87,275.0474,275.3251,281154,0.00100018178512995,0.0012206639863318871,51422.55,0.275100000000009
2025-11-24 14:36:00+00:00,275.34,275.92,275.0001,275.5,206149,0.0006352490201582128,0.0012210594385958626,54846.2,0.17489999999997963
2025-11-24 14:37:00+00:00,275.5001,275.607,274.79,275.0688,228235,-0.0015651542649727235,0.001236123724589222,58634.9,-0.4311999999999898
2025-11-24 14:38:00+00:00,275.07,275.53,274.84,274.94,153205,-0.0004682464896055283,0.0012377244474583097,61183.4,-0.12880000000001246
2025-11-24 14:39:00+00:00,274.98,275.4145,274.92,275.07,145577,0.00047283043573131955,0.0012375515501782935,63598.21666666667,0.12999999999999545
2025-11-24 14:40:00+00:00,275.13,275.27,274.74,274.8565,175724,-0.0007761660668194059,0.0012402337581042951,66504.41666666667,-0.21350000000001046
2025-11-24 14:41:00+00:00,274.87,275.15,274.57,275.06,128810,0.0007403863470576422,0.00124249560182044,68643.36666666667,0.20350000000001955
2025-11-24 14:42:00+00:00,275.1269,275.1269,274.55,274.8825,93993,-0.0006453137497273165,0.0012422547909504056,70192.1,-0.1775000000000091
2025-11-24 14:43:00+00:00,274.92,275.16,274.71,274.71,145916,-0.0006275408583668041,0.0012462518059483346,72611.78333333334,-0.17250000000001364
2025-11-24 14:44:00+00:00,274.71,274.82,274.3901,274.75,124959,0.0001456080958102124,0.0012457012382637307,74684.21666666666,0.040000000000020464
2025-11-24 14:45:00+00:00,274.72,274.745,274.27,274.5,156459,-0.0009099181073702889,0.0012511606769122405,77287.08333333333,-0.25
2025-11-24 14:46:00+00:00,274.46,274.54,274.0701,274.095,93795,-0.0014754098360654222,0.0012682206735761092,78839.03333333334,-0.4049999999999727
2025-11-24 14:47:00+00:00,274.1499,274.6092,274.08,274.575,99574,0.0017512176435177107,0.0012852893596659548,80454.88333333333,0.47999999999996135
2025-11-24 14:48:00+00:00,274.56,274.58,274.1,274.12,99978,-0.0016571064372210564,0.0013059461247492152,82097.58333333333,-0.4549999999999841
2025-11-24 14:49:00+00:00,274.135,274.21,273.98,274.1456,136783,9.338975631112412e-05,0.0013024302102058554,84318.41666666667,0.02559999999999718
2025-11-24 14:50:00+00:00,274.16,274.18,273.6222,273.6899,227309,-0.001662255385459277,0.0013217732866180297,88089.35,-0.4556999999999789
2025-11-24 14:51:00+00:00,273.65,273.9488,273.48,273.8373,223937,0.000538565727123963,0.0013199182222586362,91738.6,0.14740000000000464
2025-11-24 14:52:00+00:00,273.885,274.14,273.75,274.0966,102615,0.0009469126375405423,0.0013179675246255055,93428.38333333333,0.2592999999999961
2025-11-24 14:53:00+00:00,274.06,274.0662,273.59,273.68,83824,-0.0015199021075051888,0.0013353267542686627,94811.25,-0.41660000000001673
2025-11-24 14:54:00+00:00,273.65,273.7953,273.53,273.5425,70768,-0.0005024115755626335,0.0013357675868999976,95979.88333333333,-0.13749999999998863
2025-11-24 14:55:00+00:00,273.53,273.68,273.35,273.53,114719,-4.5696738167011475e-05,0.0013349233810795117,97863.71666666666,-0.012500000000045475
2025-11-24 14:56:00+00:00,273.56,273.61,273.1,273.145,116531,-0.0014075238547873736,0.0013484784350785597,99792.13333333333,-0.3849999999999909
2025-11-24 14:57:00+00:00,273.155,273.28,273.01,273.075,128073,-0.0002562741401087587,0.001349144062916065,101911.86666666667,-0.06999999999999318
2025-11-24 14:58:00+00:00,273.075,273.32,272.95,273.0,149324,-0.00027464982147762385,0.0013496899431682187,104382.76666666666,-0.07499999999998863
2025-11-24 14:59:00+00:00,272.97,273.6718,272.76,273.505,334675,0.0018498168498168877,0.00136908616946171,109950.0,0.5049999999999955
2025-11-24 15:00:00+00:00,273.48,273.8,273.27,273.37,302570,-0.0004935924388950186,0.001370972243411704,114977.18333333333,-0.1349999999999909
2025-11-24 15:01:00+00:00,273.4,273.51,273.2,273.45,60753,0.00029264366975145784,0.0013706165655132674,115973.83333333333,0.07999999999998408
2025-11-24 15:02:00+00:00,273.4705,273.75,273.28,273.3114,92242,-0.0005068568294021025,0.0013722160126120788,117501.15,-0.13859999999999673
2025-11-24 15:03:00+00:00,273.31,273.33,273.065,273.13,74807,-0.0006637117954099159,0.0013756176306506467,118734.83333333333,-0.18139999999999645
2025-11-24 15:04:00+00:00,273.155,273.28,272.97,273.11,90861,-7.322520411523481e-05,0.0013754502973620298,120040.65,-0.01999999999998181
2025-11-24 15:05:00+00:00,273.115,273.26,272.92,272.9899,85270,-0.00043974955146286465,0.001372726340335197,121452.16666666667,-0.12010000000003629
2025-11-24 15:06:00+00:00,273.0,273.23,272.72,272.7352,66671,-0.0009330015506066047,0.0013785590067252331,122519.26666666666,-0.25469999999995707
2025-11-24 15:07:00+00:00,272.76,272.8,272.36,272.52,105718,-0.0007890437317956689,0.0013813346425055888,124265.15,-0.21520000000003847
2025-11-24 15:08:00+00:00,272.5113,272.61,272.35,272.6078,97173,0.00032217818875679427,0.0013818178436207048,125791.58333333333,0.08780000000001564
2025-11-24 15:09:00+00:00,272.62,272.74,272.4621,272.58,110024,-0.00010197800649880406,0.0013818866053400569,127573.4,-0.02780000000001337
2025-11-24 15:10:00+00:00,272.56,272.8,272.52,272.7,72948,0.0004402377283734271,0.0013828753133715615,128763.86666666667,0.12000000000000455
2025-11-24 15:11:00+00:00,272.71,272.8314,272.4,272.819,94585,0.00043637697103049433,0.001383197764812898,130318.75,0.1190000000000282
2025-11-24 15:12:00+00:00,272.79,273.18,272.72,273.12,118528,0.0011032955915826204,0.001388320292297194,132247.03333333333,0.3009999999999877
2025-11-24 15:13:00+00:00,273.125,273.46,272.97,273.41,183940,0.0010618043350909545,0.0013875391204453411,135283.38333333333,0.29000000000002046
2025-11-24 15:14:00+00:00,273.425,273.82,273.37,273.77,142496,0.0013167038513586249,0.0013944626534401368,137639.53333333333,0.3599999999999568
2025-11-24 15:15:00+00:00,273.7699,273.84,273.4795,273.49,98156,-0.0010227563283047303,0.0014018225880688768,139195.3,-0.2799999999999727
2025-11-24 15:16:00+00:00,273.47,273.4999,273.22,273.43,66191,-0.0002193864492303632,0.001402208688747469,140288.46666666667,-0.060000000000002274
2025-11-24 15:17:00+00:00,273.44,273.57,273.36,273.475,86583,0.00016457594265451014,0.0014015861434755962,141708.26666666666,0.045000000000015916
2025-11-24 15:18:00+00:00,273.49,273.52,273.0,273.005,84777,-0.001718621446201718,0.001418815893845912,143104.85,-0.4700000000000273
2025-11-24 15:19:00+00:00,273.005,273.025,272.72,272.7531,83373,-0.0009226937235581323,0.0014242967779126148,144466.65,-0.2518999999999778
2025-11-24 15:20:00+00:00,272.72,273.0,272.68,272.855,105295,0.00037359795360702996,0.0014238019105003402,146187.86666666667,0.10190000000000055
2025-11-24 15:21:00+00:00,272.88,273.2067,272.82,272.9,78575,0.00016492276117330285,0.0014237037469541777,147491.23333333334,0.04499999999995907
2025-11-24 15:22:00+00:00,272.915,273.01,272.6901,273.01,553446,0.0004030780505679399,0.0014234068065571022,156704.43333333332,0.11000000000001364
2025-11-24 15:23:00+00:00,273.03,273.085,272.89,272.99,43069,-7.325738983909869e-05,0.001422770242854049,157335.33333333334,-0.01999999999998181
2025-11-24 15:24:00+00:00,272.96,273.1324,272.86,273.12,54205,0.0004762079197040414,0.0014143947656242099,158144.56666666668,0.12999999999999545
2025-11-24 15:25:00+00:00,273.1,273.19,272.81,273.15,84176,0.00010984182776785367,0.0014102522326881269,159027.81666666668,0.029999999999972715
2025-11-24 15:26:00+00:00,273.1133,273.19,273.0,273.17,108891,7.32198425774655e-05,0.0014102153614208247,160487.85,0.020000000000038654
2025-11-24 15:27:00+00:00,273.07,273.4542,273.07,273.2904,63649,0.00044075118058328755,0.0013925896370367223,161214.4,0.12039999999996098
2025-11-24 15:28:00+00:00,273.29,273.3,273.1,273.12,45112,-0.0006235125712428236,0.0013958596858948116,161647.71666666667,-0.17039999999997235
2025-11-24 15:29:00+00:00,273.1399,273.15,272.8804,273.095,73514,-9.153485647328541e-05,0.0013961276205323972,162624.51666666666,-0.024999999999977263
2025-11-24 15:30:00+00:00,273.08,273.13,272.65,272.7609,70135,-0.0012233838041708633,0.00099081651354953,143840.28333333333,-0.3341000000000349
2025-11-24 15:31:00+00:00,272.76,272.945,272.7,272.8558,74472,0.00034792376766601407,0.0009183881106416687,139195.91666666666,0.09489999999999554
2025-11-24 15:32:00+00:00,272.86,273.0286,272.8,272.925,45178,0.00025361381359689794,0.0008671085063299734,135098.08333333334,0.06920000000002346
2025-11-24 15:33:00+00:00,272.94,273.1,272.86,272.9999,77765,0.00027443436841623203,0.0008374401128006965,128122.8,0.07490000000001373
2025-11-24 15:34:00+00:00,272.98,273.36,272.98,273.36,54941,0.0013190481022153921,0.0008579014440508982,124536.25,0.36009999999998854
2025-11-24 15:35:00+00:00,273.37,273.5999,273.23,273.49,88377,0.0004755633596722486,0.0008491023600283228,121323.3,0.12999999999999545
2025-11-24 15:36:00+00:00,273.49,273.59,273.44,273.525,94113,0.00012797542871756384,0.0008440554616290463,119456.03333333334,0.03499999999996817
2025-11-24 15:37:00+00:00,273.54,273.5444,273.24,273.24,70161,-0.0010419522895529498,0.0008314765540701717,116821.46666666666,-0.28499999999996817
2025-11-24 15:38:00+00:00,273.23,273.31,273.11,273.195,70984,-0.000164690382081778,0.0008301874659415603,115451.11666666667,-0.045000000000015916
2025-11-24 15:39:00+00:00,273.21,273.4479,273.19,273.36,53204,0.0006039642013946356,0.0008319073541857444,113911.56666666667,0.16500000000002046
2025-11-24 15:40:00+00:00,273.4,273.5,273.29,273.4,44817,0.00014632718759122199,0.0008277807112093034,111729.78333333334,0.03999999999996362
2025-11-24 15:41:00+00:00,273.39,273.8788,273.36,273.67,159325,0.0009875640087784188,0.0008325754850479206,112238.36666666667,0.27000000000003865
2025-11-24 15:42:00+00:00,273.645,273.98,273.63,273.93,102549,0.0009500493294842816,0.0008397921131709932,112380.96666666666,0.2599999999999909
2025-11-24 15:43:00+00:00,273.955,274.0116,273.82,273.86,71040,-0.0002555397364290002,0.0008368804702399521,111133.03333333334,-0.06999999999999318
2025-11-24 15:44:00+00:00,273.84,273.86,273.56,273.68,57655,-0.0006572701380267443,0.0008400912356703289,110011.3,-0.18000000000000682
2025-11-24 15:45:00+00:00,273.69,273.93,273.6741,273.8701,62236,0.0006946068401050276,0.0008382653674654792,108440.91666666667,0.19009999999997262
2025-11-24 15:46:00+00:00,273.8944,273.95,273.72,273.77,63877,-0.0003655017469961219,0.0008180080492871673,107942.28333333334,-0.10009999999999764
2025-11-24 15:47:00+00:00,273.76,273.85,273.7282,273.75,40631,-7.305402345025858e-05,0.0007842869623189318,106959.9,-0.01999999999998181
2025-11-24 15:48:00+00:00,273.73,273.74,273.5,273.57,165190,-0.0006575342465753309,0.0007598015897551008,108046.76666666666,-0.18000000000000682
2025-11-24 15:49:00+00:00,273.59,274.16,273.57,274.07,133998,0.0018276857842600691,0.0007967871260934625,108000.35,0.5
2025-11-24 15:50:00+00:00,274.075,274.12,273.97,273.985,75236,-0.00031013974532045907,0.0007676899493216526,105465.8,-0.08499999999997954
2025-11-24 15:51:00+00:00,273.985,274.23,273.985,274.2,213597,0.0007847144916690585,0.0007711674271766145,105293.46666666666,0.214999999999975
2025-11-24 15:52:00+00:00,274.18,274.27,273.72,273.8358,101300,-0.0013282275711159475,0.0007808105294394404,105271.55,-0.36419999999998254
2025-11-24 15:53:00+00:00,273.85,273.91,273.7,273.82,65233,-5.7698810747242035e-05,0.0007554699233398546,104961.7,-0.015800000000012915
2025-11-24 15:54:00+00:00,273.8,273.99,273.75,273.965,44583,0.0005295449565407839,0.0007553810793970049,104525.28333333334,0.1449999999999818
2025-11-24 15:55:00+00:00,273.96,273.96,273.725,273.74,119665,-0.0008212727903198491,0.0007632240357941815,104607.71666666666,-0.2249999999999659
2025-11-24 15:56:00+00:00,273.73,274.05,273.72,273.9864,56762,0.0009001242054504921,0.0007484236058959763,103611.56666666667,0.24639999999999418
2025-11-24 15:57:00+00:00,273.97,273.98,273.75,273.83,98209,-0.0005708312529382198,0.0007517108376491125,103113.83333333333,-0.1564000000000192
2025-11-24 15:58:00+00:00,273.85,273.85,273.71,273.82,77685,-3.6519008143720555e-05,0.0007506154436101027,101919.85,-0.009999999999990905
2025-11-24 15:59:00+00:00,273.83,273.99,273.77,273.79,48933,-0.00010956102549108948,0.0007126598261949509,97157.48333333334,-0.029999999999972715
2025-11-24 16:00:00+00:00,273.8,273.92,273.78,273.78,63634,-3.652434347511946e-05,0.0007095388840971053,93175.21666666666,-0.010000000000047748
2025-11-24 16:01:00+00:00,273.78,274.09,273.75,274.04,128891,0.0009496676163345263,0.0007187461539336873,94310.85,0.26000000000004775
2025-11-24 16:02:00+00:00,274.05,274.22,274.005,274.2,61092,0.000583856371332514,0.000718572115255216,93791.68333333333,0.15999999999996817
2025-11-24 16:03:00+00:00,274.2154,274.29,274.1,274.29,64894,0.0003282275711160576,0.0007131619135966048,93626.46666666666,0.09000000000003183
2025-11-24 16:04:00+00:00,274.285,274.48,274.24,274.42,71741,0.0004739509278499643,0.0007147845132897994,93307.8,0.12999999999999545
2025-11-24 16:05:00+00:00,274.43,274.43,274.32,274.3881,46915,-0.00011624517163477677,0.0007120122017889482,92668.55,-0.03190000000000737
2025-11-24 16:06:00+00:00,274.4,274.68,274.4,274.64,84660,0.0009180427285293558,0.0007072239030454021,92968.36666666667,0.2518999999999778
2025-11-24 16:07:00+00:00,274.645,274.945,274.62,274.935,258599,0.0010741334110109246,0.0007077046131137124,95516.38333333333,0.2950000000000159
2025-11-24 16:08:00+00:00,274.935,275.11,274.93,275.0363,322801,0.0003684507247165847,0.0007079235898078839,99276.85,0.10129999999998063
2025-11-24 16:09:00+00:00,275.045,275.075,274.94,275.0,72921,-0.00013198257829960536,0.0007081137915377616,98658.46666666666,-0.0362999999999829
2025-11-24 16:10:00+00:00,275.0,275.08,274.85,274.945,130240,-0.00019999999999997797,0.0007084526732314971,99613.33333333333,-0.05500000000000682
2025-11-24 16:11:00+00:00,274.93,275.0999,274.86,275.05,95079,0.0003818945607303448,0.0007080971506215304,99621.56666666667,0.10500000000001819
2025-11-24 16:12:00+00:00,275.05,275.22,275.04,275.09,88680,0.00014542810398099348,0.0006966240470731582,99124.1,0.03999999999996362
2025-11-24 16:13:00+00:00,275.06,275.15,274.99,275.05,86441,-0.00014540695772280454,0.0006863196794471326,97499.11666666667,-0.03999999999996362
2025-11-24 16:14:00+00:00,275.04,275.1,274.96,275.085,153516,0.0001272495909834248,0.0006674975694571736,97682.78333333334,0.03499999999996817
2025-11-24 16:15:00+00:00,275.1,275.19,275.02,275.11,82077,9.08810004180971e-05,0.0006516057562668455,97414.8,0.025000000000034106
2025-11-24 16:16:00+00:00,275.1,275.135,274.99,275.07,66174,-0.00014539638689980983,0.0006510634638146308,97414.51666666666,-0.040000000000020464
2025-11-24 16:17:00+00:00,275.065,275.24,275.03,275.103,98699,0.00011996946231884742,0.0006510138014300442,97616.45,0.03300000000001546
2025-11-24 16:18:00+00:00,275.11,275.38,275.11,275.38,82679,0.0010068955991029416,0.000616184228855888,97581.48333333334,0.2769999999999868
2025-11-24 16:19:00+00:00,275.37,275.3896,275.065,275.09,75835,-0.00105309027525613,0.0006202289058813497,97455.85,-0.29000000000002046
2025-11-24 16:20:00+00:00,275.091,275.17,274.99,275.07,75362,-7.270347886134676e-05,0.0006200852374039625,96956.96666666666,-0.01999999999998181
2025-11-24 16:21:00+00:00,275.08,275.19,275.0252,275.12,60175,0.00018177191260404513,0.0006201028564589242,96650.3,0.05000000000001137
2025-11-24 16:22:00+00:00,275.12,275.2735,275.11,275.2735,59300,0.0005579383541727267,0.0006215571689098953,88414.53333333334,0.15350000000000819
2025-11-24 16:23:00+00:00,275.28,275.31,275.14,275.265,128250,-3.087838095572337e-05,0.0006213372921820789,89834.21666666666,-0.008500000000026375
2025-11-24 16:24:00+00:00,275.25,275.33,275.09,275.09,68653,-0.0006357510035783775,0.0006276454762829506,90075.01666666666,-0.17500000000001137
2025-11-24 16:25:00+00:00,275.09,275.17,275.0307,275.04,118066,-0.00018175869715353343,0.0006288531539136177,90639.85,-0.049999999999954525
2025-11-24 16:26:00+00:00,275.0302,275.1,274.995,275.03,93557,-3.635834787685255e-05,0.0006291359709818774,90384.28333333334,-0.010000000000047748
2025-11-24 16:27:00+00:00,275.02,275.1,275.009,275.02,59300,-3.635966985415795e-05,0.0006279410912894549,90311.8,-0.009999999999990905
2025-11-24 16:28:00+00:00,275.01,275.02,274.89,274.99,122866,-0.00010908297578349213,0.0006212974964870866,91607.7,-0.029999999999972715
2025-11-24 16:29:00+00:00,275.0,275.061,274.9,275.0,133125,3.63649587258319e-05,0.0006207998450785207,92601.21666666666,0.009999999999990905
2025-11-24 16:30:00+00:00,274.99,275.065,274.88,275.03,87822,0.00010909090909083652,0.000595385103608746,92896.0,0.029999999999972715
2025-11-24 16:31:00+00:00,275.0307,275.08,274.9239,274.94,89435,-0.0003272370286876436,0.0005977309298177381,93145.38333333333,-0.08999999999997499
2025-11-24 16:32:00+00:00,274.937,275.06,274.89,275.04,83893,0.0003637157197935448,0.0005982949380657895,93790.63333333333,0.10000000000002274
2025-11-24 16:33:00+00:00,275.0452,275.17,274.98,275.122,74058,0.0002981384525886366,0.0005984005219259983,93728.85,0.08199999999999363
2025-11-24 16:34:00+00:00,275.15,275.17,275.05,275.15,64027,0.00010177303160041618,0.0005776533132420027,93880.28333333334,0.027999999999963165
2025-11-24 16:35:00+00:00,275.14,275.17,275.095,275.15,66245,0.0,0.0005757973536791891,93511.41666666667,0.0
2025-11-24 16:36:00+00:00,275.15,275.27,275.11,275.23,119987,0.0002907504997275989,0.0005763097270074581,93942.65,0.08000000000004093
2025-11-24 16:37:00+00:00,275.24,275.24,275.13,275.18,56459,-0.00018166624277882182,0.0005577247639318245,93714.28333333334,-0.05000000000001137
2025-11-24 16:38:00+00:00,275.19,275.27,274.96,274.96,77927,-0.0007994767061560992,0.0005690847037471732,93830.0,-0.22000000000002728
2025-11-24 16:39:00+00:00,274.95,275.06,274.91,275.06,65541,0.0003636892638929634,0.0005663708174378796,94035.61666666667,0.10000000000002274
2025-11-24 16:40:00+00:00,275.07,275.0999,274.86,274.94,131601,-0.0004362684505199166,0.0005706022098991208,95482.01666666666,-0.12000000000000455
2025-11-24 16:41:00+00:00,274.935,275.13,274.88,274.965,103132,9.092892994821966e-05,0.0005584085448062803,94545.46666666666,0.024999999999977263
2025-11-24 16:42:00+00:00,274.95,275.05,274.9,274.975,79614,3.6368265052155735e-05,0.0005465805031113448,94163.21666666666,0.010000000000047748
2025-11-24 16:43:00+00:00,274.975,275.021,274.9,274.92,49617,-0.0002000181834712622,0.0005460777956738792,93806.16666666667,-0.05500000000000682
2025-11-24 16:44:00+00:00,274.93,275.015,274.89,274.92,63959,0.0,0.0005378837999833352,93911.23333333334,0.0
2025-11-24 16:45:00+00:00,274.91,275.07,274.71,275.02,98624,0.00036374217954304733,0.0005331037690561398,94517.7,0.0999999999999659
2025-11-24 16:46:00+00:00,275.06,275.06,274.97,275.02,55129,0.0,0.0005301232466344808,94371.9,0.0
2025-11-24 16:47:00+00:00,275.015,275.06,274.97,274.98,55275,-0.00014544396771132284,0.0005305505815194808,94615.96666666666,-0.03999999999996362
2025-11-24 16:48:00+00:00,274.99,275.05,274.98,275.0136,44742,0.0001221907047783688,0.000521784071237937,92608.5,0.033599999999978536
2025-11-24 16:49:00+00:00,275.015,275.17,274.96,275.03,143864,5.963341449288784e-05,0.00046913086685733136,92772.93333333333,0.01639999999997599
2025-11-24 16:50:00+00:00,274.995,274.995,274.7371,274.7371,93429,-0.001064974730029311,0.0004888862475126903,93076.15,-0.2928999999999746
2025-11-24 16:51:00+00:00,274.7318,274.74,274.45,274.47,119046,-0.0009722021525304658,0.0004964362301608194,91500.3,-0.2670999999999708
2025-11-24 16:52:00+00:00,274.4672,274.82,274.43,274.75,82743,0.0010201479214484444,0.00048095021979769183,91191.01666666666,0.2799999999999727
2025-11-24 16:53:00+00:00,274.78,274.86,274.7501,274.82,30397,0.0002547770700636054,0.0004813934773796026,90610.41666666667,0.06999999999999318
2025-11-24 16:54:00+00:00,274.84,274.8783,274.7301,274.85,53277,0.0001091623608180381,0.0004775000843802317,90755.31666666667,0.03000000000002956
2025-11-24 16:55:00+00:00,274.84,274.855,274.74,274.76,41485,-0.0003274513370931098,0.0004662843465189435,89452.31666666667,-0.09000000000003183
2025-11-24 16:56:00+00:00,274.75,275.0,274.75,274.94,74101,0.0006551171931867827,0.0004598494017704947,89741.3,0.18000000000000682
2025-11-24 16:57:00+00:00,274.935,274.935,274.82,274.84,37051,-0.0003637157197935448,0.00045580850261623415,88722.0,-0.10000000000002274
2025-11-24 16:58:00+00:00,274.83,274.9199,274.74,274.885,67340,0.0001637316256730692,0.00045581202434873895,88549.58333333333,0.045000000000015916
2025-11-24 16:59:00+00:00,274.87,275.03,274.84,275.01,56101,0.00045473561671238727,0.0004579699114674341,88669.05,0.125
2025-11-24 17:00:00+00:00,275.01,275.2,275.01,275.035,65253,9.09057852442885e-05,0.00045774311338548675,88696.03333333334,0.025000000000034106
2025-11-24 17:01:00+00:00,275.01,275.115,274.95,274.9699,42092,-0.00023669714763585592,0.0004448196842564747,87249.38333333333,-0.06510000000002947
2025-11-24 17:02:00+00:00,274.97,274.98,274.84,274.85,76002,-0.0004360477274056862,0.00044381414881849307,87497.88333333333,-0.1198999999999728
2025-11-24 17:03:00+00:00,274.86,274.87,274.73,274.85,64253,0.0,0.00044221570825289837,87487.2,0.0
2025-11-24 17:04:00+00:00,274.84,274.9234,274.815,274.82,63627,-0.00010915044569781429,0.00043877915743470355,87351.96666666666,-0.03000000000002956
2025-11-24 17:05:00+00:00,274.84,275.0,274.81,274.97,262606,0.0005458118040899684,0.0004434824470335153,90946.81666666667,0.1500000000000341
2025-11-24 17:06:00+00:00,274.98,275.01,274.92,274.95,40401,-7.273520747730355e-05,0.0004282445215966018,90209.16666666667,-0.020000000000038654
2025-11-24 17:07:00+00:00,274.96,275.03,274.87,274.94,55799,-3.6370249136163935e-05,0.0004052447519258148,86829.16666666667,-0.009999999999990905
2025-11-24 17:08:00+00:00,274.94,274.94,274.77,274.86,40215,-0.0002909725758346582,0.00040403354560711205,82119.4,-0.07999999999998408
2025-11-24 17:09:00+00:00,274.86,274.87,274.74,274.74,43044,-0.0004365858982755544,0.00040748345371168366,81621.45,-0.12000000000000455
2025-11-24 17:10:00+00:00,274.73,274.88,274.71,274.83,123269,0.0003275824415809314,0.00040912769475212715,81505.26666666666,0.08999999999997499
2025-11-24 17:11:00+00:00,274.81,274.94,274.79,274.935,54238,0.00038205436087768163,0.0004091302690685725,80824.58333333333,0.10500000000001819
2025-11-24 17:12:00+00:00,274.9321,274.95,274.88,274.8876,30906,-0.0001724043864912428,0.00040918230122487996,79861.68333333333,-0.0473999999999819
2025-11-24 17:13:00+00:00,274.89,274.91,274.84,274.85,60467,-0.000136783179743305,0.00040913622436842287,79428.78333333334,-0.037599999999997635
2025-11-24 17:14:00+00:00,274.84,274.875,274.75,274.85,45501,0.0,0.0004087315597657545,77628.53333333334,0.0
2025-11-24 17:15:00+00:00,274.84,274.92,274.82,274.9,56151,0.00018191740949591306,0.0004092966836503904,77196.43333333333,0.049999999999954525
2025-11-24 17:16:00+00:00,274.91,275.02,274.8901,274.99,143424,0.0003273917788286784,0.000411244060348776,78483.93333333333,0.09000000000003183
2025-11-24 17:17:00+00:00,274.99,274.995,274.88,274.97,51068,-7.272991745144175e-05,0.0004110058083529085,77690.08333333333,-0.01999999999998181
2025-11-24 17:18:00+00:00,274.96,275.01,274.91,274.94,41422,-0.00010910281121589982,0.00038896046675854153,77002.46666666666,-0.03000000000002956
2025-11-24 17:19:00+00:00,274.95,275.1,274.95,275.02,90707,0.0002909725758346582,0.000366918516775492,77250.33333333333,0.07999999999998408
2025-11-24 17:20:00+00:00,275.01,275.195,275.01,275.189,49940,0.0006145007635809385,0.00037537136199963485,76826.63333333333,0.16900000000003956
2025-11-24 17:21:00+00:00,275.18,275.21,275.06,275.07,40462,-0.0004324300753301147,0.0003788905215980264,76498.08333333333,-0.1190000000000282
2025-11-24 17:22:00+00:00,275.067,275.19,275.06,275.15,43558,0.0002908350601664722,0.000373722543508421,76235.71666666666,0.07999999999998408
2025-11-24 17:23:00+00:00,275.14,275.14,275.02,275.0677,40634,-0.000299109576594514,0.0003756075839590767,74775.45,-0.08229999999997517
2025-11-24 17:24:00+00:00,275.07,275.1,275.04,275.07,34225,8.361577895188432e-06,0.0003665705367279566,74201.65,0.002299999999991087
2025-11-24 17:25:00+00:00,275.07,275.07,274.97,275.02,44299,-0.00018177191260415615,0.0003665706470943823,72972.2,-0.05000000000001137
2025-11-24 17:26:00+00:00,275.05,275.05,274.935,274.935,48446,-0.0003090684313867831,0.0003686991600443722,72220.35,-0.08499999999997954
2025-11-24 17:27:00+00:00,274.935,274.98,274.87,274.91,39775,-9.093058359244122e-05,0.0003688433764221291,71894.93333333333,-0.024999999999977263
2025-11-24 17:28:00+00:00,274.92,274.95,274.85,274.915,38609,1.818777054296561e-05,0.0003686099082969815,70490.65,0.0049999999999954525
2025-11-24 17:29:00+00:00,274.925,274.925,274.81,274.85,51448,-0.00023643671680340095,0.0003697781786642225,69129.36666666667,-0.06499999999999773
2025-11-24 17:30:00+00:00,274.85,274.91,274.75,274.77,180590,-0.0002910678551938384,0.00037121754122283165,70675.5,-0.08000000000004093
2025-11-24 17:31:00+00:00,274.77,274.91,274.77,274.84,57291,0.0002547585253120932,0.00037054213990193776,70139.76666666666,0.06999999999999318
2025-11-24 17:32:00+00:00,274.835,274.88,274.81,274.815,52581,-9.096201426272987e-05,0.00036748975679624343,69617.9,-0.024999999999977263
2025-11-24 17:33:00+00:00,274.815,274.875,274.77,274.825,42332,3.6388115641328156e-05,0.0003652736265522361,69089.13333333333,0.009999999999990905
2025-11-24 17:34:00+00:00,274.825,274.825,274.75,274.77,55291,-0.0002001273537706183,0.0003656758058642794,68943.53333333334,-0.05500000000000682
2025-11-24 17:35:00+00:00,274.78,274.965,274.74,274.96,187583,0.000691487425847015,0.0003771291688285322,70965.83333333333,0.18999999999999773
2025-11-24 17:36:00+00:00,274.98,275.04,274.93,275.02,67512,0.00021821355833573364,0.000376259280879342,70091.25,0.060000000000002274
2025-11-24 17:37:00+00:00,275.02,275.05,274.9,274.9378,44505,-0.000298887353647026,0.0003774541758550834,69892.01666666666,-0.08220000000000027
2025-11-24 17:38:00+00:00,274.93,275.02,274.885,274.91,42581,-0.00010111377918919917,0.00036334509853511464,69302.91666666667,-0.027799999999956526
2025-11-24 17:39:00+00:00,274.905,275.05,274.8148,275.01,64536,0.0003637554108615326,0.0003633462299829077,69286.16666666667,0.0999999999999659
2025-11-24 17:40:00+00:00,275.02,275.14,274.95,275.0201,100318,3.6725937238690776e-05,0.00035888960701295584,68764.78333333334,0.010100000000022646
2025-11-24 17:41:00+00:00,275.01,275.0231,274.87,274.88,53225,-0.0005094173116801937,0.0003647715687160919,67933.0,-0.1401000000000181
2025-11-24 17:42:00+00:00,274.89,274.99,274.82,274.9749,42368,0.0003452415599534131,0.00036753557161902885,67312.23333333334,0.09489999999999554
2025-11-24 17:43:00+00:00,274.97,275.02,274.94,274.945,57056,-0.00010873719746784527,0.0003668816833094531,67436.21666666666,-0.029899999999997817
2025-11-24 17:44:00+00:00,274.94,275.05,274.93,275.0,52940,0.0002000400080015563,0.0003677749004333496,67252.56666666667,0.05500000000000682
2025-11-24 17:45:00+00:00,274.995,275.0655,274.93,275.015,48690,5.454545454530724e-05,0.00036481612648932586,66420.33333333333,0.014999999999986358
2025-11-24 17:46:00+00:00,275.01,275.095,274.96,275.01,54456,-1.8180826500402425e-05,0.00036482347617917184,66409.11666666667,-0.0049999999999954525
2025-11-24 17:47:00+00:00,275.005,275.02,274.96,274.9948,48923,-5.5270717428390626e-05,0.00036440192083698325,66303.25,-0.015199999999992997
2025-11-24 17:48:00+00:00,275.0,275.07,275.0,275.02,46180,9.163809642931398e-05,0.0003642509623533894,66327.21666666666,0.025199999999983902
2025-11-24 17:49:00+00:00,275.02,275.03,274.94,274.9918,91043,-0.00010253799723647372,0.00036440603118431685,65446.86666666667,-0.028199999999969805
2025-11-24 17:50:00+00:00,274.95,275.02,274.95,274.99,55179,-6.54564972479843e-06,0.00033665041170685803,64809.36666666667,-0.0018000000000029104
2025-11-24 17:51:00+00:00,274.99,274.99,274.91,274.98,46376,-3.6364958725720875e-05,0.0003108059215968249,63598.2,-0.009999999999990905
2025-11-24 17:52:00+00:00,274.97,275.06,274.945,274.98,45772,0.0,0.00028238082289884834,62982.01666666667,0.0
2025-11-24 17:53:00+00:00,274.975,275.16,274.97,275.095,106075,0.0004182122336169325,0.00028551381854242795,64243.316666666666,0.1150000000000091
2025-11-24 17:54:00+00:00,275.095,275.21,275.07,275.16,81978,0.0002362820116685871,0.00028668075723505275,64721.666666666664,0.06499999999999773
2025-11-24 17:55:00+00:00,275.16,275.233,275.1183,275.17,58594,3.634249164119474e-05,0.0002830570722442653,65006.816666666666,0.009999999999990905
2025-11-24 17:56:00+00:00,275.17,275.35,275.17,275.28,164772,0.00039975288003768483,0.00027523200590029407,66518.0,0.1099999999999568
2025-11-24 17:57:00+00:00,275.295,275.3,275.12,275.125,57510,-0.000563063063062974,0.0002810911700982278,66858.98333333334,-0.15499999999997272
2025-11-24 17:58:00+00:00,275.1301,275.27,275.13,275.22,65363,0.000345297592003746,0.0002836597572440135,66826.03333333334,0.09500000000002728
2025-11-24 17:59:00+00:00,275.225,275.26,275.15,275.2,58936,-7.266913741743597e-05,0.0002780873748851719,66873.28333333334,-0.020000000000038654
2025-11-24 18:00:00+00:00,275.2051,275.27,275.16,275.18,76704,-7.267441860459023e-05,0.0002780980425490842,67064.13333333333,-0.01999999999998181
2025-11-24 18:01:00+00:00,275.1735,275.349,275.15,275.32,65627,0.0005087579039173562,0.00028354195982575577,67456.38333333333,0.13999999999998636
2025-11-24 18:02:00+00:00,275.3,275.325,275.16,275.21,61656,-0.0003995350864449687,0.0002825814246142806,67217.28333333334,-0.11000000000001364
2025-11-24 18:03:00+00:00,275.2147,275.365,275.2147,275.3,49311,0.00032702300061782097,0.00028529350633559817,66968.25,0.09000000000003183
2025-11-24 18:04:00+00:00,275.3,275.4,275.29,275.3695,70720,0.00025245187068656527,0.0002861800417033601,67086.46666666666,0.069500000000005
2025-11-24 18:05:00+00:00,275.37,275.615,275.37,275.585,236919,0.0007825848541684888,0.0002948671550156752,66658.35,0.21549999999996317
2025-11-24 18:06:00+00:00,275.575,275.638,275.55,275.57,75755,-5.4429667797561976e-05,0.00029476084792567025,67247.58333333333,-0.014999999999986358
2025-11-24 18:07:00+00:00,275.57,275.68,275.55,275.65,177618,0.0002903073629203501,0.0002963842820630461,69277.9,0.07999999999998408
2025-11-24 18:08:00+00:00,275.6401,275.69,275.57,275.6581,62701,2.9385089787892227e-05,0.0002931331035656689,69652.66666666667,0.008100000000013097
2025-11-24 18:09:00+00:00,275.65,275.75,275.56,275.56,73723,-0.00035587562999228606,0.0002910477300535478,70163.98333333334,-0.09809999999998809
2025-11-24 18:10:00+00:00,275.55,275.68,275.53,275.66,46353,0.0003628973726230722,0.0002916542631221242,68882.05,0.10000000000002274
2025-11-24 18:11:00+00:00,275.6597,275.75,275.6597,275.72,98553,0.00021765943553653244,0.0002892470819602696,69620.63333333333,0.060000000000002274
2025-11-24 18:12:00+00:00,275.71,275.95,275.7,275.945,169331,0.000816045263310583,0.00030426535857906413,71927.71666666666,0.2249999999999659
2025-11-24 18:13:00+00:00,275.94,276.26,275.91,276.25,301169,0.0011052927213757169,0.00033141306903216276,75939.41666666667,0.3050000000000068
2025-11-24 18:14:00+00:00,276.2539,276.29,276.08,276.18,109837,-0.00025339366515830797,0.00033411467906019164,77011.68333333333,-0.06999999999999318
2025-11-24 18:15:00+00:00,276.19,276.2021,275.94,275.9855,100635,-0.0007042508508943168,0.0003488190459438947,77753.08333333333,-0.194500000000005
2025-11-24 18:16:00+00:00,275.9885,276.08,275.94,275.94,79785,-0.00016486373378310493,0.0003483493969763004,76692.43333333333,-0.04550000000000409
2025-11-24 18:17:00+00:00,275.94,276.03,275.78,275.99,117604,0.00018119881133582538,0.0003482824069372235,77801.36666666667,0.05000000000001137
2025-11-24 18:18:00+00:00,275.98,276.16,275.92,276.08,74991,0.00032609877169442747,0.00034919401552392887,78360.85,0.08999999999997499
2025-11-24 18:19:00+00:00,276.09,276.1999,276.09,276.11,60681,0.00010866415531740614,0.0003480212326154132,77860.41666666667,0.03000000000002956
2025-11-24 18:20:00+00:00,276.12,276.38,276.11,276.33,123980,0.0007967838904783253,0.0003536408907838301,79094.41666666667,0.21999999999997044
2025-11-24 18:21:00+00:00,276.34,276.44,276.26,276.345,109981,5.428292259268552e-05,0.00034747180998031065,80253.06666666667,0.015000000000043201
2025-11-24 18:22:00+00:00,276.35,276.51,276.3,276.4,134548,0.00019902657909476318,0.0003467161339346971,81769.56666666667,0.05499999999994998
2025-11-24 18:23:00+00:00,276.4,276.507,276.36,276.4171,85243,6.186685962372707e-05,0.0003432180040108553,82513.05,0.01710000000002765
2025-11-24 18:24:00+00:00,276.42,276.5,276.16,276.22,99153,-0.0007130528465857378,0.00035813986999996746,83595.18333333333,-0.19709999999997763
2025-11-24 18:25:00+00:00,276.205,276.205,275.9701,276.0202,113783,-0.0007233364709291479,0.0003711698737513915,84753.25,-0.19980000000003884
2025-11-24 18:26:00+00:00,276.03,276.2,276.03,276.16,68198,0.0005064846703248804,0.000372335137057796,85082.45,0.13980000000003656
2025-11-24 18:27:00+00:00,276.1799,276.18,276.0,276.06,49332,-0.0003621089223638796,0.0003760009705650353,85241.73333333334,-0.10000000000002274
2025-11-24 18:28:00+00:00,276.05,276.08,276.0,276.071,45255,3.9846410200716775e-05,0.00037596112532158396,85352.5,0.011000000000024102
2025-11-24 18:29:00+00:00,276.0601,276.25,276.0601,276.12,53378,0.00017749057307714367,0.00037403544757669683,85384.66666666667,0.04899999999997817
2025-11-24 18:30:00+00:00,276.12,276.1322,275.85,275.9,86087,-0.000796755034043306,0.0003879075845442233,83809.61666666667,-0.22000000000002728
2025-11-24 18:31:00+00:00,275.89,276.17,275.89,276.1,58555,0.0007249003262053133,0.00039638988175164303,83830.68333333333,0.20000000000004547
2025-11-24 18:32:00+00:00,276.1,276.15,276.03,276.125,40588,9.05469032959072e-05,0.0003957837903942538,83630.8,0.024999999999977263
2025-11-24 18:33:00+00:00,276.12,276.17,275.9714,276.0265,63564,-0.00035672249886831153,0.0003997408651370973,83984.66666666667,-0.09850000000000136
2025-11-24 18:34:00+00:00,276.02,276.11,275.975,276.11,58284,0.0003025071868099083,0.00039919094636222535,84034.55,0.083500000000015
2025-11-24 18:35:00+00:00,276.07,276.1499,276.02,276.14,34586,0.00010865234870149898,0.00039109691048882025,81484.6,0.029999999999972715
2025-11-24 18:36:00+00:00,276.14,276.18,276.08,276.16,49904,7.242702976761883e-05,0.0003906222344018678,81191.13333333333,0.020000000000038654
2025-11-24 18:37:00+00:00,276.15,276.15,276.03,276.14,37232,-7.242178447286474e-05,0.00038809296960347876,81069.91666666667,-0.020000000000038654
2025-11-24 18:38:00+00:00,276.135,276.19,276.1025,276.135,90772,-1.8106757441849197e-05,0.00038761017186733887,81873.1,-0.0049999999999954525
2025-11-24 18:39:00+00:00,276.12,276.15,276.04,276.1,48021,-0.0001267495971172261,0.0003865704122415135,81597.85,-0.03499999999996817
2025-11-24 18:40:00+00:00,276.09,276.09,276.0,276.02,123124,-0.0002897500905471029,0.00038927771420232027,81977.95,-0.08000000000004093
2025-11-24 18:41:00+00:00,276.02,276.23,276.01,276.17,63265,0.0005434388812406432,0.0003868716277728375,82145.28333333334,0.1500000000000341
2025-11-24 18:42:00+00:00,276.16,276.18,276.0367,276.06,52300,-0.0003983053916066792,0.00039006533875406585,82310.81666666667,-0.11000000000001364
2025-11-24 18:43:00+00:00,276.06,276.11,275.99,276.1,78499,0.00014489603709355592,0.00038951664846248967,82668.2,0.040000000000020464
2025-11-24 18:44:00+00:00,276.1001,276.37,276.06,276.3384,151317,0.0008634552698296716,0.0004024726386556181,84307.81666666667,0.23839999999995598
2025-11-24 18:45:00+00:00,276.33,276.35,276.14,276.14,87856,-0.0007179602979534572,0.00041547936204239255,84960.58333333333,-0.19839999999999236
2025-11-24 18:46:00+00:00,276.15,276.24,276.15,276.185,40589,0.00016296081697686482,0.00041549971430318035,84729.46666666666,0.045000000000015916
2025-11-24 18:47:00+00:00,276.185,276.211,276.14,276.14,55593,-0.00016293426507596465,0.0004162866469267749,84840.63333333333,-0.045000000000015916
2025-11-24 18:48:00+00:00,276.15,276.22,276.1401,276.175,35355,0.00012674730209316643,0.00041634317778247695,84660.21666666666,0.03500000000002501
2025-11-24 18:49:00+00:00,276.17,276.22,276.08,276.1299,83704,-0.00016330225400562615,0.000416843427189276,84537.9,-0.045099999999990814
2025-11-24 18:50:00+00:00,276.13,276.18,276.105,276.145,29586,5.468440759215376e-05,0.0004167304707043259,84111.35,0.015099999999961256
2025-11-24 18:51:00+00:00,276.15,276.25,276.14,276.21,30509,0.00023538358471086873,0.0004170321052089862,83846.9,0.06499999999999773
2025-11-24 18:52:00+00:00,276.21,276.23,276.12,276.15,38918,-0.00021722602367768573,0.0004186294512369835,83732.66666666667,-0.060000000000002274
2025-11-24 18:53:00+00:00,276.145,276.16,276.08,276.1465,34831,-1.2674271229307088e-05,0.0004162587598884468,82545.26666666666,-0.0034999999999740794
2025-11-24 18:54:00+00:00,276.1378,276.26,276.13,276.185,47124,0.0001394187505545652,0.00041576551302149216,81964.36666666667,0.03849999999999909
2025-11-24 18:55:00+00:00,276.1853,276.1853,276.0151,276.16,48635,-9.051903615320267e-05,0.00041622082300582475,81798.38333333333,-0.024999999999977263
2025-11-24 18:56:00+00:00,276.16,276.19,276.1,276.11,72382,-0.0001810544611819953,0.0004149358239250289,80258.55,-0.05000000000001137
2025-11-24 18:57:00+00:00,276.11,276.21,276.08,276.135,225492,9.054362391802684e-05,0.0004070661312445877,83058.25,0.024999999999977263
2025-11-24 18:58:00+00:00,276.13,276.18,276.1,276.11,41957,-9.053542651227264e-05,0.00040579645349253496,82668.15,-0.024999999999977263
2025-11-24 18:59:00+00:00,276.1,276.11,276.0,276.03,60485,-0.0002897395965377747,0.00040790607186185537,82693.96666666666,-0.08000000000004093
2025-11-24 19:00:00+00:00,276.02,276.05,276.0,276.03,43506,0.0,0.00040764261509144056,82140.66666666667,0.0
2025-11-24 19:01:00+00:00,276.03,276.13,275.995,276.11,64529,0.00028982356990203684,0.00040444742686329883,82122.36666666667,0.08000000000004093
2025-11-24 19:02:00+00:00,276.1,276.23,276.09,276.19,52837,0.00028973959653755266,0.0004013017669381168,81975.38333333333,0.07999999999998408
2025-11-24 19:03:00+00:00,276.198,276.24,276.138,276.17,39452,-7.24139179549832e-05,0.00040009694678579913,81811.06666666667,-0.01999999999998181
2025-11-24 19:04:00+00:00,276.16,276.18,276.0201,276.035,39437,-0.0004888293442444347,0.000405235278246243,81289.68333333333,-0.1349999999999909
2025-11-24 19:05:00+00:00,276.03,276.05,275.99,276.03,70148,-1.811364500892143e-05,0.0003933877573984952,78510.16666666667,-0.005000000000052296
2025-11-24 19:06:00+00:00,276.01,276.0151,275.9,275.94,97961,-0.0003260515161395139,0.0003958952276933409,78880.26666666666,-0.08999999999997499
2025-11-24 19:07:00+00:00,275.95,276.0699,275.92,276.055,52553,0.00041675726607226515,0.00039767791025095245,76795.85,0.1150000000000091
2025-11-24 19:08:00+00:00,276.07,276.2078,276.04,276.18,49085,0.00045280831718308434,0.000401503766032259,76568.91666666667,0.125
2025-11-24 19:09:00+00:00,276.16,276.205,276.145,276.15,26847,-0.00010862480990669887,0.0003987186170208237,75787.65,-0.03000000000002956
2025-11-24 19:10:00+00:00,276.1542,276.3399,276.14,276.33,104917,0.0006518196632265827,0.0004044404983000229,76763.71666666666,0.18000000000000682
2025-11-24 19:11:00+00:00,276.33,276.34,276.21,276.22,63010,-0.0003980747656785466,0.0004076690421799448,76171.33333333333,-0.1099999999999568
2025-11-24 19:12:00+00:00,276.225,276.26,276.1648,276.22,40341,0.0,0.0003944066060920968,74021.5,0.0
2025-11-24 19:13:00+00:00,276.23,276.24,276.15,276.18,32905,-0.00014481210629213592,0.00036806384222203264,69550.43333333333,-0.040000000000020464
2025-11-24 19:14:00+00:00,276.17,276.205,276.13,276.17,43209,-3.6208269968862616e-05,0.0003666363551841097,68439.96666666666,-0.009999999999990905
2025-11-24 19:15:00+00:00,276.19,276.28,276.1539,276.19,49354,7.241916211020438e-05,0.0003548923737424138,67585.28333333334,0.01999999999998181
2025-11-24 19:16:00+00:00,276.18,276.33,276.15,276.28,50782,0.0003258626307975909,0.00035638921525654916,67101.9,0.08999999999997499
2025-11-24 19:17:00+00:00,276.285,276.29,276.23,276.24,39929,-0.00014478065730405554,0.00035638394901867944,65807.31666666667,-0.03999999999996362
2025-11-24 19:18:00+00:00,276.25,276.34,276.215,276.34,46083,0.00036200405444519745,0.0003569446268208078,65325.51666666667,0.0999999999999659
2025-11-24 19:19:00+00:00,276.33,276.37,276.25,276.29,54217,-0.0001809365274659802,0.00035762431833825237,65217.78333333333,-0.049999999999954525
2025-11-24 19:20:00+00:00,276.2998,276.305,276.26,276.3,31695,3.6193854283439464e-05,0.00034245465303176073,63679.7,0.009999999999990905
2025-11-24 19:21:00+00:00,276.3,276.45,276.27,276.36,153255,0.00021715526601528978,0.0003435501218047674,64400.933333333334,0.060000000000002274
2025-11-24 19:22:00+00:00,276.365,276.39,276.26,276.26,50307,-0.00036184686640616803,0.00034569343115210897,62996.916666666664,-0.10000000000002274
2025-11-24 19:23:00+00:00,276.2617,276.265,276.07,276.085,52100,-0.0006334612321726718,0.00035483248857036257,62444.53333333333,-0.17500000000001137
2025-11-24 19:24:00+00:00,276.1,276.161,276.0706,276.11,37050,9.055182280826024e-05,0.00034320410233202355,61409.48333333333,0.025000000000034106
2025-11-24 19:25:00+00:00,276.11,276.19,276.1,276.1699,48124,0.00021694252290749283,0.0003311777266176134,60315.166666666664,0.05989999999997053
2025-11-24 19:26:00+00:00,276.16,276.25,276.09,276.2288,43783,0.00021327450964059302,0.00032583399930247425,59908.25,0.05889999999999418
2025-11-24 19:27:00+00:00,276.23,276.25,276.19,276.22,38135,-3.185764844193528e-05,0.0003223115009715736,59721.63333333333,-0.00879999999995107
2025-11-24 19:28:00+00:00,276.23,276.3199,276.2299,276.2416,53587,7.81985373976557e-05,0.0003224102982973141,59860.5,0.02159999999997808
2025-11-24 19:29:00+00:00,276.23,276.23,276.17,276.2195,38115,-8.000243265327e-05,0.00032186102810115747,59606.11666666667,-0.0221000000000231
2025-11-24 19:30:00+00:00,276.23,276.27,276.06,276.06,57322,-0.0005774393190921545,0.0003137319503675659,59126.7,-0.15949999999998
2025-11-24 19:31:00+00:00,276.07,276.1655,276.03,276.11,50788,0.00018112004636683388,0.00030028781226251907,58997.25,0.05000000000001137
2025-11-24 19:32:00+00:00,276.105,276.16,276.05,276.09,42649,-7.24348991345547e-05,0.0003001979575947743,59031.6,-0.020000000000038654
2025-11-24 19:33:00+00:00,276.09,276.17,276.05,276.1,40608,3.622007316472775e-05,0.00029659431534825685,58649.0,0.010000000000047748
2025-11-24 19:34:00+00:00,276.1,276.12,276.06,276.1,39742,0.0,0.00029400213789333474,58339.96666666667,0.0
2025-11-24 19:35:00+00:00,276.1,276.1009,276.0,276.03,63040,-0.0002535313292286734,0.000295436425711592,58814.2,-0.07000000000005002
2025-11-24 19:36:00+00:00,276.04,276.04,275.355,275.8,481107,-0.0008332427634676343,0.0003138904333196485,66000.91666666667,-0.22999999999996135
2025-11-24 19:37:00+00:00,275.7866,276.07,275.7735,275.985,114870,0.0006707759245829781,0.00032627423446100084,67294.88333333333,0.18500000000000227
2025-11-24 19:38:00+00:00,275.98,276.1399,275.96,276.05,82540,0.00023552004637927837,0.00032779767464334114,67157.68333333333,0.06499999999999773
2025-11-24 19:39:00+00:00,276.035,276.07,276.01,276.04,37437,-3.622532149971658e-05,0.00032743629907724904,66981.28333333334,-0.009999999999990905
2025-11-24 19:40:00+00:00,276.03,276.09,276.0,276.03,92837,-3.6226633821412335e-05,0.0003253095843475688,66476.5,-0.010000000000047748
2025-11-24 19:41:00+00:00,276.06,276.155,276.0,276.11,75352,0.00028982356990203684,0.0003197373325939633,66677.95,0.08000000000004093
2025-11-24 19:42:00+00:00,276.11,276.13,275.9757,276.0,51392,-0.0003983919452392737,0.0003197391438940441,66662.81666666667,-0.11000000000001364
2025-11-24 19:43:00+00:00,276.015,276.03,275.92,276.0,57524,0.0,0.00031914541671188294,66313.23333333334,0.0
2025-11-24 19:44:00+00:00,276.0,276.03,275.97,275.986,51318,-5.072463768118762e-05,0.0002980591465585268,64646.583333333336,-0.014000000000010004
2025-11-24 19:45:00+00:00,275.98,276.0691,275.94,275.94,59531,-0.00016667512120172034,0.00028440139653285504,64174.5,-0.04599999999999227
2025-11-24 19:46:00+00:00,275.945,276.0,275.9206,275.9844,37736,0.0001609045444661561,0.00028438007461258595,64126.95,0.044399999999996
2025-11-24 19:47:00+00:00,275.99,276.03,275.97,276.03,51106,0.00016522673020635814,0.0002845850039101813,64052.166666666664,0.04559999999997899
2025-11-24 19:48:00+00:00,276.03,276.11,275.98,276.0,52666,-0.00010868383871309728,0.00028433819560096926,64340.683333333334,-0.029999999999972715
2025-11-24 19:49:00+00:00,276.01,276.01,275.83,275.83,99305,-0.0006159420289855166,0.00029429084572238704,64600.7,-0.17000000000001592
2025-11-24 19:50:00+00:00,275.8299,275.91,275.799,275.9,39277,0.00025377950186711296,0.00029624104656331406,64762.21666666667,0.06999999999999318
2025-11-24 19:51:00+00:00,275.92,275.93,275.765,275.8555,42133,-0.00016129032258049847,0.0002949878273965218,64955.95,-0.044499999999970896
2025-11-24 19:52:00+00:00,275.855,275.94,275.82,275.88,43340,8.881461489806952e-05,0.0002941885162141101,65029.65,0.024499999999989086
2025-11-24 19:53:00+00:00,275.8775,275.8775,275.71,275.795,48876,-0.0003081049731766816,0.0002965899874690154,65263.73333333333,-0.08499999999997954
2025-11-24 19:54:00+00:00,275.8,275.935,275.78,275.935,39944,0.0005076234159429038,0.0003036935491965361,65144.066666666666,0.13999999999998636
2025-11-24 19:55:00+00:00,275.93,276.0,275.88,275.99,55117,0.00019932230416586094,0.0003047759689035301,65252.1,0.05500000000000682
2025-11-24 19:56:00+00:00,276.0,276.11,275.92,275.99,77498,0.0,0.00030395103734869895,65337.36666666667,0.0
2025-11-24 19:57:00+00:00,275.98,276.12,275.94,276.06,43918,0.00025363237798470273,0.00030556488509152284,62311.13333333333,0.06999999999999318
2025-11-24 19:58:00+00:00,276.07,276.08,275.98,276.06,36290,0.0,0.00030535620293158273,62216.683333333334,0.0
2025-11-24 19:59:00+00:00,276.0542,276.1,275.965,276.08,58659,7.244801854655591e-05,0.0003031632333155114,62186.25,0.01999999999998181
2025-11-24 20:00:00+00:00,276.1,276.15,275.94,275.9838,70685,-0.00034844972471748115,0.0003065416069067833,62639.23333333333,-0.09620000000001028
2025-11-24 20:01:00+00:00,275.985,276.11,275.96,276.09,63212,0.00038480519508743427,0.00030831817722585224,62617.28333333333,0.10620000000000118
2025-11-24 20:02:00+00:00,276.1,276.274,276.09,276.274,51833,0.0006664493462278376,0.0003180251752679933,62600.55,0.18400000000002592
2025-11-24 20:03:00+00:00,276.28,276.45,276.26,276.4002,166700,0.0004567928940109045,0.0003231359088431806,64721.35,0.126199999999983
2025-11-24 20:04:00+00:00,276.42,276.5,276.41,276.485,53942,0.00030680151461548455,0.0003184452587707476,64963.1,0.08480000000002974
2025-11-24 20:05:00+00:00,276.47,276.5,276.3801,276.43,58571,-0.000198925800676375,0.00031973425773466506,64770.15,-0.05500000000000682
2025-11-24 20:06:00+00:00,276.42,276.45,276.32,276.335,48874,-0.00034366747458680624,0.0003200692296320925,63952.03333333333,-0.09500000000002728
2025-11-24 20:07:00+00:00,276.34,276.39,276.3,276.315,34343,-7.237592053122022e-05,0.0003160977835679021,63648.53333333333,-0.01999999999998181
2025-11-24 20:08:00+00:00,276.32,276.35,276.27,276.2971,46566,-6.478113746988257e-05,0.00031098912367004015,63606.55,-0.017899999999997362
2025-11-24 20:09:00+00:00,276.28,276.32,276.26,276.3,54754,1.0495948021160828e-05,0.0003106177453590981,64071.666666666664,0.002900000000011005
2025-11-24 20:10:00+00:00,276.29,276.3044,276.21,276.25,46508,-0.00018096272167933414,0.000299830260699498,63098.183333333334,-0.05000000000001137
2025-11-24 20:11:00+00:00,276.24,276.325,276.24,276.2722,40588,8.036199095018404e-05,0.00029552446480207733,62724.48333333333,0.022199999999998
2025-11-24 20:12:00+00:00,276.275,276.305,276.255,276.28,48339,2.8233025255453015e-05,0.00029554177225925055,62857.78333333333,0.007799999999974716
2025-11-24 20:13:00+00:00,276.3,276.35,276.26,276.28,47618,0.0,0.0002948993077441952,63103.0,0.0
2025-11-24 20:14:00+00:00,276.27,276.3,276.23,276.29,53903,3.619516432618042e-05,0.0002948714823967505,63281.23333333333,0.010000000000047748
2025-11-24 20:15:00+00:00,276.29,276.3,276.24,276.26,50587,-0.00010858156285076248,0.00029511957292869455,63301.78333333333,-0.03000000000002956
2025-11-24 20:16:00+00:00,276.265,276.4,276.255,276.39,89887,0.00047057120104243566,0.00029836575174238783,63953.53333333333,0.12999999999999545
2025-11-24 20:17:00+00:00,276.39,276.49,276.38,276.43,74710,0.00014472303628942917,0.000298215735655076,64533.21666666667,0.040000000000020464
2025-11-24 20:18:00+00:00,276.43,276.5,276.4,276.495,46684,0.00023514090366449913,0.0002961309730700438,64543.23333333333,0.06499999999999773
2025-11-24 20:19:00+00:00,276.4969,276.59,276.4601,276.5584,107248,0.0002292989023309211,0.0002963979051265418,65427.083333333336,0.06340000000000146
2025-11-24 20:20:00+00:00,276.56,276.5752,276.49,276.495,116821,-0.00022924633639764824,0.0002980710617910437,66845.85,-0.06340000000000146
2025-11-24 20:21:00+00:00,276.49,276.55,276.47,276.49,49518,-1.8083509647492946e-05,0.0002968688602924522,65116.9,-0.0049999999999954525
2025-11-24 20:22:00+00:00,276.49,276.6,276.48,276.5755,71903,0.00030923360700185754,0.00029534077572239783,65476.833333333336,0.08549999999996771
2025-11-24 20:23:00+00:00,276.575,276.655,276.5665,276.58,64551,1.6270421638875376e-05,0.00028264861557257846,65684.35,0.004500000000007276
2025-11-24 20:24:00+00:00,276.57,276.5863,276.48,276.53,102521,-0.00018077952129591512,0.00028382979156821124,66775.53333333334,-0.05000000000001137
2025-11-24 20:25:00+00:00,276.52,276.62,276.51,276.51,63461,-7.232488337605147e-05,0.0002829761029891515,67031.15,-0.01999999999998181
2025-11-24 20:26:00+00:00,276.49,276.495,276.435,276.47,76600,-0.00014466022928638633,0.00028261702755654595,67578.1,-0.03999999999996362
2025-11-24 20:27:00+00:00,276.48,276.5,276.41,276.475,71705,1.808514486190127e-05,0.0002825514596531534,68137.6,0.0049999999999954525
2025-11-24 20:28:00+00:00,276.48,276.545,276.47,276.5278,81002,0.00019097567591996878,0.0002833501550327576,68594.51666666666,0.05279999999999063
2025-11-24 20:29:00+00:00,276.525,276.54,276.47,276.475,63549,-0.0001909392111750785,0.00028435599544541823,69018.41666666667,-0.05279999999999063
2025-11-24 20:30:00+00:00,276.47,276.53,276.44,276.48,61110,1.8084817795527286e-05,0.00027349653396101426,69081.55,0.0049999999999954525
2025-11-24 20:31:00+00:00,276.475,276.55,276.47,276.54,100820,0.00021701388888883955,0.0002738819611169933,69915.41666666667,0.060000000000002274
2025-11-24 20:32:00+00:00,276.5418,276.555,276.44,276.49,251096,-0.00018080567006584225,0.00027489738999488683,73389.53333333334,-0.05000000000001137
2025-11-24 20:33:00+00:00,276.485,276.575,276.4801,276.56,73097,0.0002531737133348866,0.00027648092401921765,73931.01666666666,0.06999999999999318
2025-11-24 20:34:00+00:00,276.565,276.62,276.495,276.6,112733,0.0001446340757882414,0.0002768648366737332,75147.53333333334,0.040000000000020464
2025-11-24 20:35:00+00:00,276.6,276.7,276.6,276.6338,137239,0.0001221981200287825,0.00027457846237777706,76384.18333333333,0.033799999999985175
2025-11-24 20:36:00+00:00,276.635,276.685,276.6,276.625,72132,-3.181100791016522e-05,0.00024994193444588384,69567.93333333333,-0.008800000000007913
2025-11-24 20:37:00+00:00,276.63,276.715,276.62,276.68,79989,0.0001988251242657224,0.00023716847196516948,68986.58333333333,0.05500000000000682
2025-11-24 20:38:00+00:00,276.68,276.76,276.68,276.7501,65913,0.0002533612837933852,0.00023742632555112648,68709.46666666666,0.07009999999996808
2025-11-24 20:39:00+00:00,276.75,276.915,276.75,276.855,148645,0.00037904232012930805,0.0002411239884357955,70562.93333333333,0.10490000000004329
2025-11-24 20:40:00+00:00,276.86,276.93,276.85,276.885,124407,0.00010835997182634394,0.00024097857499700846,71089.1,0.029999999999972715
2025-11-24 20:41:00+00:00,276.89,276.98,276.79,276.795,113697,-0.0003250446936452489,0.0002437332731807695,71728.18333333333,-0.08999999999997499
2025-11-24 20:42:00+00:00,276.79,276.81,276.75,276.785,72934,-3.612782022788252e-05,0.00023705136980095348,72087.21666666666,-0.009999999999990905
2025-11-24 20:43:00+00:00,276.785,276.79,276.62,276.66,103323,-0.0004516140686814385,0.00024559664589642635,72850.53333333334,-0.125
2025-11-24 20:44:00+00:00,276.6579,276.88,276.6579,276.8,99447,0.0005060362900310977,0.00025253689024008194,73652.68333333333,0.13999999999998636
2025-11-24 20:45:00+00:00,276.79,276.8899,276.79,276.83,82151,0.00010838150289016468,0.00025104537102405917,74029.68333333333,0.029999999999972715
2025-11-24 20:46:00+00:00,276.83,276.8303,276.67,276.67,82693,-0.0005779720406023925,0.0002635103000118502,74778.96666666666,-0.15999999999996817
2025-11-24 20:47:00+00:00,276.66,276.755,276.62,276.7161,93783,0.00016662449849991212,0.0002635214954192696,75490.25,0.04609999999996717
2025-11-24 20:48:00+00:00,276.71,276.865,276.705,276.83,91995,0.0004116132021230179,0.0002670358733706218,76145.73333333334,0.113900000000001
2025-11-24 20:49:00+00:00,276.84,276.915,276.73,276.915,90559,0.00030704764657030204,0.0002542995156149498,75999.96666666666,0.08500000000003638
2025-11-24 20:50:00+00:00,276.91,277.0,275.53,275.705,522484,-0.004369571890291413,0.000625628636432957,84053.41666666667,-1.2100000000000364
2025-11-24 20:51:00+00:00,275.71,276.21,275.7,276.0,246943,0.0010699842222665623,0.0006406483422468502,87466.91666666667,0.2950000000000159
2025-11-24 20:52:00+00:00,275.99,276.09,275.2728,275.29,286624,-0.002572463768115818,0.0007219859854905472,91521.65,-0.7099999999999795
2025-11-24 20:53:00+00:00,275.28,275.72,275.24,275.58,363005,0.0010534345599184647,0.0007345576806114374,96757.13333333333,0.2899999999999636
2025-11-24 20:54:00+00:00,275.57,275.61,275.11,275.49,421086,-0.00032658393207041225,0.000732433363314065,103109.5,-0.08999999999997499
2025-11-24 20:55:00+00:00,275.51,276.43,275.51,276.18,479628,0.0025046281171730023,0.0008016796269857516,110184.68333333333,0.6899999999999977
2025-11-24 20:56:00+00:00,276.18,276.18,275.8,275.9,298687,-0.0010138315591282643,0.0008125430432798672,113871.16666666667,-0.28000000000002956
2025-11-24 20:57:00+00:00,275.91,275.91,275.64,275.885,357430,-5.436752446530413e-05,0.0008118533178607739,119096.36666666667,-0.014999999999986358
2025-11-24 20:58:00+00:00,275.88,276.0,275.7757,275.82,466202,-0.00023560541529987766,0.000812372549419937,126261.56666666667,-0.06499999999999773
2025-11-24 20:59:00+00:00,275.82,276.1,275.7,275.8,1565337,-7.251105793626422e-05,0.0008123261317110112,151372.86666666667,-0.01999999999998181
2025-11-24 21:00:00+00:00,275.8,275.999,275.58,275.69,15929922,-0.0003988397389412812,0.000812701009246383,415693.48333333334,-0.11000000000001364
2025-11-24 21:01:00+00:00,275.8,275.92,275.8,275.92,329243,0.0008342703761472503,0.0008185220590977328,420127.3333333333,0.2300000000000182
2025-11-24 21:02:00+00:00,275.84,275.92,275.8,275.92,174206,0.0,0.0008136955126865628,422166.88333333336,0.0
2025-11-24 21:03:00+00:00,275.9,275.95,275.85,275.9,729581,-7.248477819676857e-05,0.000811292889087857,431548.23333333334,-0.020000000000038654
2025-11-24 21:04:00+00:00,275.9,276.1,275.9,276.1,262456,0.0007249003262053133,0.0008160153845094026,435023.4666666667,0.20000000000004547
2025-11-24 21:05:00+00:00,276.0,276.1,275.92,276.1,1678742,0.0,0.0008156921112081588,462026.31666666665,0.0
2025-11-24 21:06:00+00:00,276.1,276.1,275.92,275.92,578197,-0.0006519377037305096,0.000818733239543391,470848.36666666664,-0.18000000000000682
2025-11-24 21:07:00+00:00,276.05,276.05,276.05,276.05,536266,0.0004711510582777745,0.0008212001820989409,479213.75,0.12999999999999545
2025-11-24 21:08:00+00:00,276.1,276.1,276.09,276.09,162488,0.00014490128599886631,0.0008214337273696324,481145.7833333333,0.03999999999996362
2025-11-24 21:09:00+00:00,276.0135,276.0135,276.0135,276.0135,165463,-0.00027708355970856857,0.000822137960144403,482990.93333333335,-0.07649999999995316
2025-11-24 21:10:00+00:00,276.0,276.0,276.0,276.0,235768,-4.891065110956827e-05,0.0008218681849602892,486145.26666666666,-0.013500000000021828
2025-11-24 21:11:00+00:00,276.05,276.05,276.0067,276.0067,185868,2.427536231897065e-05,0.0008217900568577582,488566.6,0.006700000000023465
2025-11-24 21:12:00+00:00,276.01,276.05,276.01,276.05,122975,0.00015688024964610747,0.0008220743797542004,489810.5333333333,0.043299999999987904
2025-11-24 21:13:00+00:00,276.01,276.01,276.0,276.0,708,-0.00018112660749869391,0.0008223563004631975,489028.7,-0.05000000000001137
2025-11-24 21:14:00+00:00,276.0135,276.1,276.0135,276.1,948,0.00036231884057968955,0.0008237874595893639,488146.11666666664,0.10000000000002274
2025-11-24 21:15:00+00:00,276.1106,276.15,276.11,276.15,2644,0.00018109380659159235,0.0008240554557673416,487347.06666666665,0.049999999999954525
2025-11-24 21:16:00+00:00,276.1551,276.1551,276.15,276.1504,3035,1.4484881405429917e-06,0.0008216762444423809,485899.5333333333,0.0004000000000132786
2025-11-24 21:17:00+00:00,276.16,276.16,276.15,276.16,266308,3.476366501753425e-05,0.0008214385454031268,489092.8333333333,0.00960000000003447
2025-11-24 21:19:00+00:00,276.18,276.39,276.16,276.39,833,0.0008328505214367787,0.0008281322935868314,488328.65,0.22999999999996135
2025-11-24 21:20:00+00:00,276.15,276.16,276.15,276.15,2423,-0.0008683382177357979,0.000834942198634231,486581.56666666665,-0.2400000000000091
2025-11-24 21:24:00+00:00,276.16,276.16,276.16,276.16,756,3.6212203512686614e-05,0.0008345409499700337,484647.15,0.010000000000047748
2025-11-24 21:25:00+00:00,276.16,276.16,276.16,276.16,648,0.0,0.0008345448686955869,483832.65,0.0
2025-11-24 21:27:00+00:00,276.075,276.075,276.075,276.075,353,-0.0003077925840093698,0.0008342262151776924,482640.15,-0.08500000000003638
2025-11-24 21:28:00+00:00,276.08,276.08,276.08,276.08,337,1.8111020555933166e-05,0.0008342279735347663,481569.9166666667,0.0049999999999954525
2025-11-24 21:29:00+00:00,275.92,276.05,275.92,276.05,5511,-0.0001086641553171841,0.0008340587153188059,479953.0833333333,-0.029999999999972715
2025-11-24 21:32:00+00:00,276.0708,276.0708,276.0708,276.0708,159,7.53486687194993e-05,0.0008341454177364681,478898.05,0.020800000000008367
2025-11-24 21:34:00+00:00,276.07,276.07,276.05,276.05,1678,-7.534299172529124e-05,0.0008340264945819419,477649.35,-0.020800000000008367
2025-11-24 21:36:00+00:00,276.1,276.14,276.1,276.1,1284,0.00018112660749869391,0.0008344347403987471,476475.6666666667,0.05000000000001137
2025-11-24 21:41:00+00:00,276.1,276.1,275.92,275.92,37918,-0.0006519377037305096,0.0008378721109234188,475757.6,-0.18000000000000682
2025-11-24 21:42:00+00:00,275.92,275.92,275.92,275.92,1578,0.0,0.0008376374951063465,474724.75,0.0
2025-11-24 21:43:00+00:00,276.0567,276.0567,276.0567,276.0567,768,0.0004954334589735154,0.000840394685243432,473719.05,0.13669999999996207
2025-11-24 21:44:00+00:00,276.0501,276.0501,276.0501,276.0501,446,-2.3908131916328124e-05,0.0008397931800092033,472046.15,-0.006599999999991724
2025-11-24 21:45:00+00:00,276.05,276.05,276.0,276.0,2163,-0.0001814887949687094,0.0008397952747967935,467897.26666666666,-0.05009999999998627
2025-11-24 21:46:00+00:00,275.9477,275.9477,275.9477,275.9477,334,-0.0001894927536232327,0.0008392166378598294,466684.55,-0.052300000000002456
2025-11-24 21:47:00+00:00,275.92,275.92,275.92,275.92,116,-0.00010038134037715363,0.0008389159103560062,464807.6,-0.027699999999981628
2025-11-24 21:48:00+00:00,275.9892,275.9892,275.9892,275.9892,160,0.00025079733256005987,0.0008395031590694751,462522.95,0.06919999999996662
2025-11-24 21:49:00+00:00,276.0,276.0,276.0,276.0,385,3.913196603355651e-05,0.0008395627448310659,461327.1666666667,0.010800000000017462
2025-11-24 21:52:00+00:00,275.94,275.9984,275.94,275.9984,338,-5.797101449211972e-06,0.0008390025265351301,459999.65,-0.001599999999996271
2025-11-24 21:55:00+00:00,275.99,275.99,275.99,275.99,206,-3.0434959043201815e-05,0.0008381157761845477,458904.5333333333,-0.008399999999994634
2025-11-24 21:57:00+00:00,276.0,276.0,276.0,276.0,318,3.623319685486237e-05,0.000836339244210148,456432.4166666667,0.009999999999990905
2025-11-24 21:59:00+00:00,276.0,276.0,276.0,276.0,1469,0.0,0.0008361058022131165,454383.45,0.0
2025-11-24 22:01:00+00:00,276.09,276.1,276.09,276.1,1041,0.00036231884057968955,0.0008370238220176586,452505.85,0.10000000000002274
2025-11-24 22:05:00+00:00,276.15,276.15,276.15,276.15,1030,0.00018109380659159235,0.000837517319914765,451307.45,0.049999999999954525
2025-11-24 22:07:00+00:00,276.0286,276.0286,276.0286,276.0286,165,-0.00043961615064269655,0.0008374183023424625,449588.15,-0.12139999999999418
2025-11-24 22:08:00+00:00,276.07,276.07,276.07,276.07,284,0.00014998445813230177,0.0008347569846186106,447935.43333333335,0.041400000000010095
2025-11-24 22:09:00+00:00,275.98,276.06,275.97,276.06,785,-3.622269714198545e-05,0.0008345192651745139,446579.3333333333,-0.009999999999990905
2025-11-24 22:10:00+00:00,276.07,276.07,276.02,276.02,2195,-0.0001448960370934449,0.0008317089856850472,445237.7,-0.040000000000020464
2025-11-24 22:12:00+00:00,276.1,276.1,276.1,276.1,265,0.0002898340699950541,0.0008323767634106089,443679.06666666665,0.08000000000004093
2025-11-24 22:14:00+00:00,276.09,276.1058,276.09,276.1058,802,2.1006881564478164e-05,0.0008303351585948097,442159.18333333335,0.005799999999965166
2025-11-24 22:18:00+00:00,276.1,276.1,276.1,276.1,378,-2.1006440284687677e-05,0.0008290680947817668,440656.1666666667,-0.005799999999965166
2025-11-24 22:20:00+00:00,276.095,276.1,276.04,276.04,2031,-0.00021731256791013287,0.0006054236366867833,431981.95,-0.060000000000002274
2025-11-24 22:21:00+00:00,276.02,276.1,276.0,276.1,3934,0.00021735980292714174,0.0005901854320341993,427931.8,0.060000000000002274
2025-11-24 22:22:00+00:00,276.1,276.1,276.1,276.1,543,0.0,0.0004834726980577014,423163.7833333333,0.0
2025-11-24 22:23:00+00:00,276.06,276.06,276.06,276.06,181,-0.00014487504527349593,0.00046570469518175965,417116.7166666667,-0.040000000000020464
2025-11-24 22:24:00+00:00,276.055,276.055,276.055,276.055,1024568,-1.811200463663898e-05,0.00046340844609388,427174.75,-0.0049999999999954525
2025-11-24 22:26:00+00:00,276.15,276.15,276.04,276.04,1185,-5.433699806189907e-05,0.00033104995898548096,419200.7,-0.014999999999986358
2025-11-24 22:27:00+00:00,276.14,276.14,276.04,276.0664,978,9.563831328773809e-05,0.0003038024375155091,414238.88333333336,0.026399999999966894
2025-11-24 22:28:00+00:00,276.1089,276.1089,276.1089,276.1089,168,0.00015394847036809267,0.00030424328906600593,408284.51666666666,0.04250000000001819
2025-11-24 22:29:00+00:00,276.1,276.1,276.1,276.1,662,-3.223365853100013e-05,0.0003025483999114316,400525.51666666666,-0.00889999999998281
2025-11-24 22:31:00+00:00,276.15,276.15,276.0462,276.0462,4116,-0.0001948569358928287,0.000303572161216618,374505.1666666667,-0.05380000000002383
2025-11-24 22:35:00+00:00,275.9718,276.06,275.9718,276.06,520,4.999163183549982e-05,0.0002986944962159741,109015.13333333333,0.013800000000003365
2025-11-24 22:36:00+00:00,276.01,276.15,275.9702,276.15,786270,0.0003260160834599457,0.0002820213586351937,116632.25,0.08999999999997499
2025-11-24 22:38:00+00:00,276.04,276.04,276.04,276.04,665,-0.0003983342386382205,0.00028699929393769815,113739.9,-0.1099999999999568
2025-11-24 22:39:00+00:00,275.97,275.99,275.97,275.99,579,-0.00018113316910595145,0.0002878526301268575,101589.86666666667,-0.05000000000001137
2025-11-24 22:41:00+00:00,276.0,276.0,276.0,276.0,492,3.623319685486237e-05,0.0002719720881864183,97223.8,0.009999999999990905
2025-11-24 22:42:00+00:00,275.92,275.96,275.9,275.9,1177,-0.00036231884057980057,0.00027583151773890316,69264.38333333333,-0.10000000000002274
2025-11-24 22:44:00+00:00,275.962,275.962,275.962,275.962,581,0.00022471910112353832,0.0002643404081232616,59637.45,0.06200000000001182
2025-11-24 22:46:00+00:00,275.94,275.94,275.92,275.92,726,-0.0001521948674091389,0.0002577801125216945,50711.78333333333,-0.04199999999997317
2025-11-24 22:47:00+00:00,276.0,276.0,275.95,275.95,915,0.00010872716729481979,0.0002574589777135094,48018.9,0.029999999999972715
2025-11-24 22:48:00+00:00,275.95,275.95,275.95,275.95,320,0.0,0.00025503187129087996,45266.51666666667,0.0
2025-11-24 22:49:00+00:00,275.92,275.95,275.92,275.95,714,0.0,0.0002549634051498092,41348.95,0.0
2025-11-24 22:50:00+00:00,275.9,275.9,275.9,275.9,515,-0.00018119224497192832,0.0002559688784885092,38259.73333333333,-0.05000000000001137
2025-11-24 22:51:00+00:00,275.88,275.88,275.88,275.88,355,-7.249003262044251e-05,0.0002552004529343318,36216.066666666666,-0.01999999999998181
2025-11-24 22:52:00+00:00,275.88,275.88,275.84,275.84,368,-0.00014499057561268014,0.0002548326920190188,36210.4,-0.040000000000020464
2025-11-24 22:53:00+00:00,275.84,275.85,275.84,275.85,395,3.6252900232236485e-05,0.00025020086630648397,36201.183333333334,0.010000000000047748
2025-11-24 22:55:00+00:00,275.85,275.88,275.85,275.88,2794,0.00010875475802052392,0.0002494126481088652,36203.683333333334,0.029999999999972715
2025-11-24 22:56:00+00:00,275.9,275.9,275.9,275.9,454,7.249528780617354e-05,0.0002496667292874434,36160.666666666664,0.01999999999998181
2025-11-24 22:58:00+00:00,275.8,275.8,275.8,275.8,319,-0.0003624501631024346,0.0002535584111151517,31727.516666666666,-0.0999999999999659
2025-11-24 22:59:00+00:00,275.71,275.86,275.71,275.86,737,0.0002175489485134463,0.00022973392238714765,31725.916666666668,0.060000000000002274
2025-11-24 23:00:00+00:00,275.65,275.65,275.51,275.51,1936,-0.0012687595156964937,0.00025846194191327896,31717.8,-0.35000000000002274
2025-11-24 23:01:00+00:00,275.53,275.592,275.53,275.592,285,0.00029762985009607057,0.0002619252790095467,31709.95,0.08199999999999363
2025-11-24 23:02:00+00:00,275.6,275.6,275.6,275.6,595,2.9028418822241164e-05,0.00026201646617608244,31709.066666666666,0.008000000000038199
2025-11-24 23:03:00+00:00,275.58,275.6,275.58,275.6,871,0.0,0.00025956269237633657,31717.7,0.0
2025-11-24 23:05:00+00:00,275.88,275.88,275.88,275.88,162,0.0010159651669083836,0.00029248982349301835,31714.783333333333,0.2799999999999727
2025-11-24 23:07:00+00:00,275.88,275.88,275.85,275.85,58495,-0.00010874293170937133,0.0002924902647693062,32597.85,-0.029999999999972715
2025-11-24 23:08:00+00:00,275.88,275.88,275.86,275.86,2185,3.625158600684131e-05,0.00029233579407805647,32631.616666666665,0.009999999999990905
2025-11-24 23:09:00+00:00,275.6,275.87,275.6,275.87,1941,3.625027187692531e-05,0.00029228540565571235,32636.0,0.009999999999990905
2025-11-24 23:10:00+00:00,275.83,275.83,275.83,275.83,542,-0.00014499583136995398,0.0002916869660064888,32623.633333333335,-0.040000000000020464
2025-11-24 23:12:00+00:00,275.9,275.9,275.9,275.9,538,0.00025377950186711296,0.00028149019504648804,32000.633333333335,0.06999999999999318
