Datetime,Open,High,Low,Close,Volume
2025-11-24 09:00:00+00:00,272.5,272.5,272.19,272.19,1357
2025-11-24 09:01:00+00:00,272.26,272.26,272.26,272.26,573
2025-11-24 09:02:00+00:00,272.28,272.48,272.28,272.48,1371
2025-11-24 09:06:00+00:00,272.19,272.4,272.19,272.4,1999
2025-11-24 09:07:00+00:00,272.36,272.36,272.36,272.36,249
2025-11-24 09:08:00+00:00,272.23,272.23,272.22,272.22,463
2025-11-24 09:09:00+00:00,272.21,272.21,272.2,272.2,442
2025-11-24 09:14:00+00:00,272.09,272.09,271.97,271.97,2299
2025-11-24 09:15:00+00:00,272.04,272.04,272.04,272.04,612
2025-11-24 09:16:00+00:00,271.84,271.84,271.54,271.54,2139
2025-11-24 09:17:00+00:00,271.68,271.88,271.68,271.88,742
2025-11-24 09:18:00+00:00,271.68,271.68,271.56,271.56,1045
2025-11-24 09:19:00+00:00,271.85,271.85,271.85,271.85,156
2025-11-24 09:20:00+00:00,271.9,271.9,271.9,271.9,313
2025-11-24 09:21:00+00:00,271.75,271.75,271.75,271.75,250
2025-11-24 09:22:00+00:00,271.73,271.73,271.52,271.52,3373
2025-11-24 09:23:00+00:00,271.4,271.4,271.35,271.35,725
2025-11-24 09:24:00+00:00,271.2,271.39,271.2,271.34,1566
2025-11-24 09:25:00+00:00,271.32,271.32,271.03,271.03,2163
2025-11-24 09:26:00+00:00,271.0,271.0,270.45,270.45,1774
2025-11-24 09:29:00+00:00,270.68,270.68,270.68,270.68,332
2025-11-24 09:30:00+00:00,270.9,270.9,270.9,270.9,328
2025-11-24 09:31:00+00:00,270.86,270.89,270.86,270.88,678
2025-11-24 09:32:00+00:00,270.88,270.88,270.88,270.88,228
2025-11-24 09:40:00+00:00,271.02,271.02,271.02,271.02,271
2025-11-24 09:41:00+00:00,270.88,270.88,270.88,270.88,297
2025-11-24 10:01:00+00:00,270.81,270.81,270.81,270.81,366
2025-11-24 10:11:00+00:00,270.93,270.99,270.93,270.99,511
2025-11-24 10:23:00+00:00,270.8,270.8,270.8,270.8,195
2025-11-24 10:28:00+00:00,270.7,270.7,270.69,270.69,382
2025-11-24 10:29:00+00:00,270.7,270.7,270.7,270.7,778
2025-11-24 10:31:00+00:00,270.81,271.0,270.81,271.0,1376
2025-11-24 10:33:00+00:00,271.0,271.0,270.99,270.99,776
2025-11-24 11:12:00+00:00,270.55,270.6,270.5,270.5,2027
2025-11-24 11:16:00+00:00,270.59,270.59,270.59,270.59,381
2025-11-24 11:20:00+00:00,270.7,270.81,270.7,270.81,563
2025-11-24 11:22:00+00:00,270.78,270.78,270.78,270.78,604
2025-11-24 11:26:00+00:00,270.65,270.65,270.65,270.65,636
2025-11-24 11:30:00+00:00,270.75,270.75,270.75,270.75,211
2025-11-24 11:35:00+00:00,270.65,270.65,270.65,270.65,639
2025-11-24 11:42:00+00:00,270.79,270.79,270.79,270.79,416
2025-11-24 11:43:00+00:00,270.89,270.9,270.89,270.9,765
2025-11-24 11:44:00+00:00,271.13,271.13,271.13,271.13,468
2025-11-24 11:47:00+00:00,271.05,271.05,271.05,271.05,449
2025-11-24 11:49:00+00:00,271.14,271.14,271.14,271.14,569
2025-11-24 11:50:00+00:00,271.17,271.17,271.17,271.17,605
2025-11-24 11:52:00+00:00,271.47,271.47,271.47,271.47,385
2025-11-24 11:53:00+00:00,271.45,271.45,271.45,271.45,319
2025-11-24 12:00:00+00:00,271.31,271.39,271.31,271.36,2389
2025-11-24 12:02:00+00:00,271.25,271.25,271.25,271.25,283
2025-11-24 12:03:00+00:00,271.25,271.25,271.2,271.23,1491
2025-11-24 12:04:00+00:00,271.18,271.18,271.18,271.18,741
2025-11-24 12:06:00+00:00,271.3,271.3,271.29,271.29,524
2025-11-24 12:12:00+00:00,271.19,271.19,271.19,271.19,225
2025-11-24 12:13:00+00:00,271.17,271.2,271.17,271.2,332
2025-11-24 12:17:00+00:00,271.27,271.27,271.27,271.27,191
2025-11-24 12:18:00+00:00,271.26,271.26,271.26,271.26,113
2025-11-24 12:19:00+00:00,271.21,271.21,271.17,271.2,602
2025-11-24 12:20:00+00:00,271.2,271.24,271.2,271.24,343
2025-11-24 12:22:00+00:00,271.27,271.27,271.23,271.23,1126
2025-11-24 12:25:00+00:00,271.35,271.5,271.35,271.5,5788
2025-11-24 12:29:00+00:00,271.86,271.86,271.86,271.86,290
2025-11-24 12:31:00+00:00,271.74,271.74,271.74,271.74,182
2025-11-24 12:32:00+00:00,271.71,271.71,271.71,271.71,297
2025-11-24 12:33:00+00:00,271.68,271.68,271.67,271.67,482
2025-11-24 12:35:00+00:00,271.67,271.67,271.67,271.67,325
2025-11-24 12:36:00+00:00,271.65,271.65,271.65,271.65,234
2025-11-24 12:39:00+00:00,271.67,271.68,271.55,271.58,2006
2025-11-24 12:40:00+00:00,271.63,271.65,271.63,271.65,573
2025-11-24 12:42:00+00:00,271.63,271.63,271.55,271.55,509
2025-11-24 12:43:00+00:00,271.5,271.54,271.45,271.54,2365
2025-11-24 12:45:00+00:00,271.73,271.74,271.73,271.74,1082
2025-11-24 12:48:00+00:00,271.78,271.78,271.78,271.78,1038
2025-11-24 12:49:00+00:00,271.82,271.82,271.82,271.82,587
2025-11-24 12:50:00+00:00,271.78,271.78,271.72,271.72,468
2025-11-24 12:51:00+00:00,271.76,271.76,271.76,271.76,303
2025-11-24 12:53:00+00:00,271.7,271.7,271.7,271.7,249
2025-11-24 12:54:00+00:00,271.7,271.8,271.7,271.8,1050
2025-11-24 12:55:00+00:00,271.88,271.93,271.88,271.92,1636
2025-11-24 12:56:00+00:00,271.98,272.19,271.94,271.94,2828
2025-11-24 12:57:00+00:00,272.13,272.14,272.13,272.14,255
2025-11-24 12:59:00+00:00,272.11,272.11,272.09,272.09,922
2025-11-24 13:00:00+00:00,270.75,272.9,270.5,272.7,1099028
2025-11-24 13:01:00+00:00,272.5,272.5,272.0,272.0,1124
2025-11-24 13:02:00+00:00,271.1703,272.0157,271.1703,272.0157,4849
2025-11-24 13:03:00+00:00,272.0,272.04,271.9,271.9,4428
2025-11-24 13:04:00+00:00,271.89,271.99,271.89,271.91,1229
2025-11-24 13:05:00+00:00,271.98,272.01,271.98,272.01,1926
2025-11-24 13:06:00+00:00,272.0,272.0,272.0,272.0,668
2025-11-24 13:08:00+00:00,272.1,272.2,272.09,272.1837,1434
2025-11-24 13:09:00+00:00,272.2,272.2999,272.19,272.2,2260
2025-11-24 13:10:00+00:00,272.2,272.39,272.2,272.25,2496
2025-11-24 13:11:00+00:00,272.45,272.45,272.35,272.35,1011
2025-11-24 13:13:00+00:00,272.338,272.338,272.33,272.33,1683
2025-11-24 13:15:00+00:00,272.35,272.35,272.35,272.35,404
2025-11-24 13:16:00+00:00,272.3,272.3516,272.29,272.3516,1062
2025-11-24 13:17:00+00:00,272.3,272.3337,272.3,272.3337,762
2025-11-24 13:18:00+00:00,272.4,272.4,272.4,272.4,310
2025-11-24 13:19:00+00:00,272.3,272.3,272.3,272.3,658
2025-11-24 13:20:00+00:00,272.3,272.3,272.3,272.3,703
2025-11-24 13:22:00+00:00,272.15,272.26,272.15,272.26,365
2025-11-24 13:23:00+00:00,272.24,272.24,272.21,272.21,374
2025-11-24 13:24:00+00:00,272.22,272.26,272.22,272.26,688
2025-11-24 13:25:00+00:00,272.33,272.42,272.33,272.37,2919
2025-11-24 13:26:00+00:00,272.43,272.5,272.43,272.5,2513
2025-11-24 13:27:00+00:00,272.59,272.59,272.49,272.49,2738
2025-11-24 13:28:00+00:00,272.53,272.53,272.5,272.51,956
2025-11-24 13:29:00+00:00,272.54,272.55,272.54,272.55,538
2025-11-24 13:30:00+00:00,272.5,272.56,272.5,272.56,685
2025-11-24 13:31:00+00:00,272.59,272.67,272.59,272.59,2959
2025-11-24 13:32:00+00:00,272.55,272.55,272.53,272.53,730
2025-11-24 13:33:00+00:00,272.5,272.7,272.3274,272.3274,913
2025-11-24 13:34:00+00:00,272.2608,272.2608,272.2608,272.2608,295
2025-11-24 13:35:00+00:00,272.4001,272.4001,272.4,272.4,688
2025-11-24 13:36:00+00:00,272.45,272.6267,272.38,272.6267,1352
2025-11-24 13:37:00+00:00,272.6219,272.6219,272.6219,272.6219,473
2025-11-24 13:38:00+00:00,272.48,272.48,272.44,272.44,1069
2025-11-24 13:39:00+00:00,272.4,272.5,272.4,272.5,735
2025-11-24 13:40:00+00:00,272.46,272.58,272.46,272.46,613
2025-11-24 13:41:00+00:00,272.3504,272.3504,272.3504,272.3504,287
2025-11-24 13:43:00+00:00,272.35,272.3981,272.35,272.3981,678
2025-11-24 13:44:00+00:00,272.31,272.35,272.29,272.35,2623
2025-11-24 13:45:00+00:00,272.4,272.4,272.4,272.4,1416
2025-11-24 13:46:00+00:00,272.33,272.33,272.23,272.23,3533
2025-11-24 13:47:00+00:00,272.16,272.16,272.16,272.16,1053
2025-11-24 13:48:00+00:00,272.01,272.0183,271.92,272.0,4982
2025-11-24 13:49:00+00:00,272.0,272.0,271.7664,271.7664,1228
2025-11-24 13:50:00+00:00,271.9,271.9,271.8125,271.8125,852
2025-11-24 13:51:00+00:00,271.9554,272.0,271.9554,271.99,650
2025-11-24 13:52:00+00:00,271.7733,271.91,271.7733,271.91,1689
2025-11-24 13:53:00+00:00,271.91,271.95,271.85,271.85,826
2025-11-24 13:54:00+00:00,271.88,271.89,271.88,271.89,889
2025-11-24 13:55:00+00:00,271.77,271.91,271.77,271.86,1070
2025-11-24 13:56:00+00:00,271.92,271.95,271.9,271.9,641
2025-11-24 13:57:00+00:00,271.87,271.87,271.87,271.87,939
2025-11-24 13:58:00+00:00,271.93,271.98,271.93,271.98,954
2025-11-24 13:59:00+00:00,272.0,272.0,271.92,271.92,603
2025-11-24 14:00:00+00:00,271.99,272.0,271.9,271.95,786
2025-11-24 14:02:00+00:00,272.02,272.04,271.77,271.91,12512
2025-11-24 14:04:00+00:00,272.1538,272.1538,272.1538,272.1538,579
2025-11-24 14:05:00+00:00,272.1501,272.19,272.1,272.14,2645
2025-11-24 14:06:00+00:00,272.22,272.273,272.22,272.273,965
2025-11-24 14:08:00+00:00,272.29,272.37,272.24,272.31,5587
2025-11-24 14:09:00+00:00,272.35,272.4699,272.33,272.33,3115
2025-11-24 14:10:00+00:00,272.37,272.46,272.36,272.37,1520
2025-11-24 14:11:00+00:00,272.4425,272.47,272.37,272.47,1292
2025-11-24 14:12:00+00:00,272.4,272.45,272.33,272.33,2831
2025-11-24 14:13:00+00:00,272.38,272.46,272.06,272.06,1759
2025-11-24 14:14:00+00:00,272.34,272.34,272.25,272.25,1127
2025-11-24 14:15:00+00:00,272.3,272.3,272.12,272.3,4810
2025-11-24 14:16:00+00:00,272.22,272.28,272.22,272.28,601
2025-11-24 14:17:00+00:00,272.33,272.4,272.3,272.39,1395
2025-11-24 14:18:00+00:00,272.21,272.26,272.1525,272.26,982
2025-11-24 14:19:00+00:00,272.26,272.26,272.25,272.25,1665
2025-11-24 14:20:00+00:00,272.14,272.2816,272.05,272.14,2022
2025-11-24 14:21:00+00:00,272.05,272.2,272.05,272.2,373
2025-11-24 14:22:00+00:00,272.1,272.1,272.1,272.1,654
2025-11-24 14:23:00+00:00,272.1077,272.1077,271.95,272.02,5215
2025-11-24 14:24:00+00:00,271.8,271.94,271.7,271.7,5651
2025-11-24 14:25:00+00:00,271.7,271.7,271.15,271.5,31181
2025-11-24 14:26:00+00:00,271.5,271.6548,271.5,271.55,21289
2025-11-24 14:27:00+00:00,271.5,271.73,270.75,271.11,20056
2025-11-24 14:28:00+00:00,270.92,271.13,270.83,271.0988,19113
2025-11-24 14:29:00+00:00,270.9,271.13,270.86,271.12,14906
2025-11-24 14:30:00+00:00,271.15,273.6699,270.9,273.21,1197189
2025-11-24 14:31:00+00:00,273.21,274.259,273.17,273.9848,353134
2025-11-24 14:32:00+00:00,273.995,274.82,273.95,274.605,291048
2025-11-24 14:33:00+00:00,274.66,275.135,274.558,275.06,496282
2025-11-24 14:34:00+00:00,275.02,275.42,274.7625,275.05,270134
2025-11-24 14:35:00+00:00,275.05,275.87,275.0474,275.3251,281154
2025-11-24 14:36:00+00:00,275.34,275.92,275.0001,275.5,206149
2025-11-24 14:37:00+00:00,275.5001,275.607,274.79,275.0688,228235
2025-11-24 14:38:00+00:00,275.07,275.53,274.84,274.94,153205
2025-11-24 14:39:00+00:00,274.98,275.4145,274.92,275.07,145577
2025-11-24 14:40:00+00:00,275.13,275.27,274.74,274.8565,175724
2025-11-24 14:41:00+00:00,274.87,275.15,274.57,275.06,128810
2025-11-24 14:42:00+00:00,275.1269,275.1269,274.55,274.8825,93993
2025-11-24 14:43:00+00:00,274.92,275.16,274.71,274.71,145916
2025-11-24 14:44:00+00:00,274.71,274.82,274.3901,274.75,124959
2025-11-24 14:45:00+00:00,274.72,274.745,274.27,274.5,156459
2025-11-24 14:46:00+00:00,274.46,274.54,274.0701,274.095,93795
2025-11-24 14:47:00+00:00,274.1499,274.6092,274.08,274.575,99574
2025-11-24 14:48:00+00:00,274.56,274.58,274.1,274.12,99978
2025-11-24 14:49:00+00:00,274.135,274.21,273.98,274.1456,136783
2025-11-24 14:50:00+00:00,274.16,274.18,273.6222,273.6899,227309
2025-11-24 14:51:00+00:00,273.65,273.9488,273.48,273.8373,223937
2025-11-24 14:52:00+00:00,273.885,274.14,273.75,274.0966,102615
2025-11-24 14:53:00+00:00,274.06,274.0662,273.59,273.68,83824
2025-11-24 14:54:00+00:00,273.65,273.7953,273.53,273.5425,70768
2025-11-24 14:55:00+00:00,273.53,273.68,273.35,273.53,114719
2025-11-24 14:56:00+00:00,273.56,273.61,273.1,273.145,116531
2025-11-24 14:57:00+00:00,273.155,273.28,273.01,273.075,128073
2025-11-24 14:58:00+00:00,273.075,273.32,272.95,273.0,149324
2025-11-24 14:59:00+00:00,272.97,273.6718,272.76,273.505,334675
2025-11-24 15:00:00+00:00,273.48,273.8,273.27,273.37,302570
2025-11-24 15:01:00+00:00,273.4,273.51,273.2,273.45,60753
2025-11-24 15:02:00+00:00,273.4705,273.75,273.28,273.3114,92242
2025-11-24 15:03:00+00:00,273.31,273.33,273.065,273.13,74807
2025-11-24 15:04:00+00:00,273.155,273.28,272.97,273.11,90861
2025-11-24 15:05:00+00:00,273.115,273.26,272.92,272.9899,85270
2025-11-24 15:06:00+00:00,273.0,273.23,272.72,272.7352,66671
2025-11-24 15:07:00+00:00,272.76,272.8,272.36,272.52,105718
2025-11-24 15:08:00+00:00,272.5113,272.61,272.35,272.6078,97173
2025-11-24 15:09:00+00:00,272.62,272.74,272.4621,272.58,110024
2025-11-24 15:10:00+00:00,272.56,272.8,272.52,272.7,72948
2025-11-24 15:11:00+00:00,272.71,272.8314,272.4,272.819,94585
2025-11-24 15:12:00+00:00,272.79,273.18,272.72,273.12,118528
2025-11-24 15:13:00+00:00,273.125,273.46,272.97,273.41,183940
2025-11-24 15:14:00+00:00,273.425,273.82,273.37,273.77,142496
2025-11-24 15:15:00+00:00,273.7699,273.84,273.4795,273.49,98156
2025-11-24 15:16:00+00:00,273.47,273.4999,273.22,273.43,66191
2025-11-24 15:17:00+00:00,273.44,273.57,273.36,273.475,86583
2025-11-24 15:18:00+00:00,273.49,273.52,273.0,273.005,84777
2025-11-24 15:19:00+00:00,273.005,273.025,272.72,272.7531,83373
2025-11-24 15:20:00+00:00,272.72,273.0,272.68,272.855,105295
2025-11-24 15:21:00+00:00,272.88,273.2067,272.82,272.9,78575
2025-11-24 15:22:00+00:00,272.915,273.01,272.6901,273.01,553446
2025-11-24 15:23:00+00:00,273.03,273.085,272.89,272.99,43069
2025-11-24 15:24:00+00:00,272.96,273.1324,272.86,273.12,54205
2025-11-24 15:25:00+00:00,273.1,273.19,272.81,273.15,84176
2025-11-24 15:26:00+00:00,273.1133,273.19,273.0,273.17,108891
2025-11-24 15:27:00+00:00,273.07,273.4542,273.07,273.2904,63649
2025-11-24 15:28:00+00:00,273.29,273.3,273.1,273.12,45112
2025-11-24 15:29:00+00:00,273.1399,273.15,272.8804,273.095,73514
2025-11-24 15:30:00+00:00,273.08,273.13,272.65,272.7609,70135
2025-11-24 15:31:00+00:00,272.76,272.945,272.7,272.8558,74472
2025-11-24 15:32:00+00:00,272.86,273.0286,272.8,272.925,45178
2025-11-24 15:33:00+00:00,272.94,273.1,272.86,272.9999,77765
2025-11-24 15:34:00+00:00,272.98,273.36,272.98,273.36,54941
2025-11-24 15:35:00+00:00,273.37,273.5999,273.23,273.49,88377
2025-11-24 15:36:00+00:00,273.49,273.59,273.44,273.525,94113
2025-11-24 15:37:00+00:00,273.54,273.5444,273.24,273.24,70161
2025-11-24 15:38:00+00:00,273.23,273.31,273.11,273.195,70984
2025-11-24 15:39:00+00:00,273.21,273.4479,273.19,273.36,53204
2025-11-24 15:40:00+00:00,273.4,273.5,273.29,273.4,44817
2025-11-24 15:41:00+00:00,273.39,273.8788,273.36,273.67,159325
2025-11-24 15:42:00+00:00,273.645,273.98,273.63,273.93,102549
2025-11-24 15:43:00+00:00,273.955,274.0116,273.82,273.86,71040
2025-11-24 15:44:00+00:00,273.84,273.86,273.56,273.68,57655
2025-11-24 15:45:00+00:00,273.69,273.93,273.6741,273.8701,62236
2025-11-24 15:46:00+00:00,273.8944,273.95,273.72,273.77,63877
2025-11-24 15:47:00+00:00,273.76,273.85,273.7282,273.75,40631
2025-11-24 15:48:00+00:00,273.73,273.74,273.5,273.57,165190
2025-11-24 15:49:00+00:00,273.59,274.16,273.57,274.07,133998
2025-11-24 15:50:00+00:00,274.075,274.12,273.97,273.985,75236
2025-11-24 15:51:00+00:00,273.985,274.23,273.985,274.2,213597
2025-11-24 15:52:00+00:00,274.18,274.27,273.72,273.8358,101300
2025-11-24 15:53:00+00:00,273.85,273.91,273.7,273.82,65233
2025-11-24 15:54:00+00:00,273.8,273.99,273.75,273.965,44583
2025-11-24 15:55:00+00:00,273.96,273.96,273.725,273.74,119665
2025-11-24 15:56:00+00:00,273.73,274.05,273.72,273.9864,56762
2025-11-24 15:57:00+00:00,273.97,273.98,273.75,273.83,98209
2025-11-24 15:58:00+00:00,273.85,273.85,273.71,273.82,77685
2025-11-24 15:59:00+00:00,273.83,273.99,273.77,273.79,48933
2025-11-24 16:00:00+00:00,273.8,273.92,273.78,273.78,63634
2025-11-24 16:01:00+00:00,273.78,274.09,273.75,274.04,128891
2025-11-24 16:02:00+00:00,274.05,274.22,274.005,274.2,61092
2025-11-24 16:03:00+00:00,274.2154,274.29,274.1,274.29,64894
2025-11-24 16:04:00+00:00,274.285,274.48,274.24,274.42,71741
2025-11-24 16:05:00+00:00,274.43,274.43,274.32,274.3881,46915
2025-11-24 16:06:00+00:00,274.4,274.68,274.4,274.64,84660
2025-11-24 16:07:00+00:00,274.645,274.945,274.62,274.935,258599
2025-11-24 16:08:00+00:00,274.935,275.11,274.93,275.0363,322801
2025-11-24 16:09:00+00:00,275.045,275.075,274.94,275.0,72921
2025-11-24 16:10:00+00:00,275.0,275.08,274.85,274.945,130240
2025-11-24 16:11:00+00:00,274.93,275.0999,274.86,275.05,95079
2025-11-24 16:12:00+00:00,275.05,275.22,275.04,275.09,88680
2025-11-24 16:13:00+00:00,275.06,275.15,274.99,275.05,86441
2025-11-24 16:14:00+00:00,275.04,275.1,274.96,275.085,153516
2025-11-24 16:15:00+00:00,275.1,275.19,275.02,275.11,82077
2025-11-24 16:16:00+00:00,275.1,275.135,274.99,275.07,66174
2025-11-24 16:17:00+00:00,275.065,275.24,275.03,275.103,98699
2025-11-24 16:18:00+00:00,275.11,275.38,275.11,275.38,82679
2025-11-24 16:19:00+00:00,275.37,275.3896,275.065,275.09,75835
2025-11-24 16:20:00+00:00,275.091,275.17,274.99,275.07,75362
2025-11-24 16:21:00+00:00,275.08,275.19,275.0252,275.12,60175
2025-11-24 16:22:00+00:00,275.12,275.2735,275.11,275.2735,59300
2025-11-24 16:23:00+00:00,275.28,275.31,275.14,275.265,128250
2025-11-24 16:24:00+00:00,275.25,275.33,275.09,275.09,68653
2025-11-24 16:25:00+00:00,275.09,275.17,275.0307,275.04,118066
2025-11-24 16:26:00+00:00,275.0302,275.1,274.995,275.03,93557
2025-11-24 16:27:00+00:00,275.02,275.1,275.009,275.02,59300
2025-11-24 16:28:00+00:00,275.01,275.02,274.89,274.99,122866
2025-11-24 16:29:00+00:00,275.0,275.061,274.9,275.0,133125
2025-11-24 16:30:00+00:00,274.99,275.065,274.88,275.03,87822
2025-11-24 16:31:00+00:00,275.0307,275.08,274.9239,274.94,89435
2025-11-24 16:32:00+00:00,274.937,275.06,274.89,275.04,83893
2025-11-24 16:33:00+00:00,275.0452,275.17,274.98,275.122,74058
2025-11-24 16:34:00+00:00,275.15,275.17,275.05,275.15,64027
2025-11-24 16:35:00+00:00,275.14,275.17,275.095,275.15,66245
2025-11-24 16:36:00+00:00,275.15,275.27,275.11,275.23,119987
2025-11-24 16:37:00+00:00,275.24,275.24,275.13,275.18,56459
2025-11-24 16:38:00+00:00,275.19,275.27,274.96,274.96,77927
2025-11-24 16:39:00+00:00,274.95,275.06,274.91,275.06,65541
2025-11-24 16:40:00+00:00,275.07,275.0999,274.86,274.94,131601
2025-11-24 16:41:00+00:00,274.935,275.13,274.88,274.965,103132
2025-11-24 16:42:00+00:00,274.95,275.05,274.9,274.975,79614
2025-11-24 16:43:00+00:00,274.975,275.021,274.9,274.92,49617
2025-11-24 16:44:00+00:00,274.93,275.015,274.89,274.92,63959
2025-11-24 16:45:00+00:00,274.91,275.07,274.71,275.02,98624
2025-11-24 16:46:00+00:00,275.06,275.06,274.97,275.02,55129
2025-11-24 16:47:00+00:00,275.015,275.06,274.97,274.98,55275
2025-11-24 16:48:00+00:00,274.99,275.05,274.98,275.0136,44742
2025-11-24 16:49:00+00:00,275.015,275.17,274.96,275.03,143864
2025-11-24 16:50:00+00:00,274.995,274.995,274.7371,274.7371,93429
2025-11-24 16:51:00+00:00,274.7318,274.74,274.45,274.47,119046
2025-11-24 16:52:00+00:00,274.4672,274.82,274.43,274.75,82743
2025-11-24 16:53:00+00:00,274.78,274.86,274.7501,274.82,30397
2025-11-24 16:54:00+00:00,274.84,274.8783,274.7301,274.85,53277
2025-11-24 16:55:00+00:00,274.84,274.855,274.74,274.76,41485
2025-11-24 16:56:00+00:00,274.75,275.0,274.75,274.94,74101
2025-11-24 16:57:00+00:00,274.935,274.935,274.82,274.84,37051
2025-11-24 16:58:00+00:00,274.83,274.9199,274.74,274.885,67340
2025-11-24 16:59:00+00:00,274.87,275.03,274.84,275.01,56101
2025-11-24 17:00:00+00:00,275.01,275.2,275.01,275.035,65253
2025-11-24 17:01:00+00:00,275.01,275.115,274.95,274.9699,42092
2025-11-24 17:02:00+00:00,274.97,274.98,274.84,274.85,76002
2025-11-24 17:03:00+00:00,274.86,274.87,274.73,274.85,64253
2025-11-24 17:04:00+00:00,274.84,274.9234,274.815,274.82,63627
2025-11-24 17:05:00+00:00,274.84,275.0,274.81,274.97,262606
2025-11-24 17:06:00+00:00,274.98,275.01,274.92,274.95,40401
2025-11-24 17:07:00+00:00,274.96,275.03,274.87,274.94,55799
2025-11-24 17:08:00+00:00,274.94,274.94,274.77,274.86,40215
2025-11-24 17:09:00+00:00,274.86,274.87,274.74,274.74,43044
2025-11-24 17:10:00+00:00,274.73,274.88,274.71,274.83,123269
2025-11-24 17:11:00+00:00,274.81,274.94,274.79,274.935,54238
2025-11-24 17:12:00+00:00,274.9321,274.95,274.88,274.8876,30906
2025-11-24 17:13:00+00:00,274.89,274.91,274.84,274.85,60467
2025-11-24 17:14:00+00:00,274.84,274.875,274.75,274.85,45501
2025-11-24 17:15:00+00:00,274.84,274.92,274.82,274.9,56151
2025-11-24 17:16:00+00:00,274.91,275.02,274.8901,274.99,143424
2025-11-24 17:17:00+00:00,274.99,274.995,274.88,274.97,51068
2025-11-24 17:18:00+00:00,274.96,275.01,274.91,274.94,41422
2025-11-24 17:19:00+00:00,274.95,275.1,274.95,275.02,90707
2025-11-24 17:20:00+00:00,275.01,275.195,275.01,275.189,49940
2025-11-24 17:21:00+00:00,275.18,275.21,275.06,275.07,40462
2025-11-24 17:22:00+00:00,275.067,275.19,275.06,275.15,43558
2025-11-24 17:23:00+00:00,275.14,275.14,275.02,275.0677,40634
2025-11-24 17:24:00+00:00,275.07,275.1,275.04,275.07,34225
2025-11-24 17:25:00+00:00,275.07,275.07,274.97,275.02,44299
2025-11-24 17:26:00+00:00,275.05,275.05,274.935,274.935,48446
2025-11-24 17:27:00+00:00,274.935,274.98,274.87,274.91,39775
2025-11-24 17:28:00+00:00,274.92,274.95,274.85,274.915,38609
2025-11-24 17:29:00+00:00,274.925,274.925,274.81,274.85,51448
2025-11-24 17:30:00+00:00,274.85,274.91,274.75,274.77,180590
2025-11-24 17:31:00+00:00,274.77,274.91,274.77,274.84,57291
2025-11-24 17:32:00+00:00,274.835,274.88,274.81,274.815,52581
2025-11-24 17:33:00+00:00,274.815,274.875,274.77,274.825,42332
2025-11-24 17:34:00+00:00,274.825,274.825,274.75,274.77,55291
2025-11-24 17:35:00+00:00,274.78,274.965,274.74,274.96,187583
2025-11-24 17:36:00+00:00,274.98,275.04,274.93,275.02,67512
2025-11-24 17:37:00+00:00,275.02,275.05,274.9,274.9378,44505
2025-11-24 17:38:00+00:00,274.93,275.02,274.885,274.91,42581
2025-11-24 17:39:00+00:00,274.905,275.05,274.8148,275.01,64536
2025-11-24 17:40:00+00:00,275.02,275.14,274.95,275.0201,100318
2025-11-24 17:41:00+00:00,275.01,275.0231,274.87,274.88,53225
2025-11-24 17:42:00+00:00,274.89,274.99,274.82,274.9749,42368
2025-11-24 17:43:00+00:00,274.97,275.02,274.94,274.945,57056
2025-11-24 17:44:00+00:00,274.94,275.05,274.93,275.0,52940
2025-11-24 17:45:00+00:00,274.995,275.0655,274.93,275.015,48690
2025-11-24 17:46:00+00:00,275.01,275.095,274.96,275.01,54456
2025-11-24 17:47:00+00:00,275.005,275.02,274.96,274.9948,48923
2025-11-24 17:48:00+00:00,275.0,275.07,275.0,275.02,46180
2025-11-24 17:49:00+00:00,275.02,275.03,274.94,274.9918,91043
2025-11-24 17:50:00+00:00,274.95,275.02,274.95,274.99,55179
2025-11-24 17:51:00+00:00,274.99,274.99,274.91,274.98,46376
2025-11-24 17:52:00+00:00,274.97,275.06,274.945,274.98,45772
2025-11-24 17:53:00+00:00,274.975,275.16,274.97,275.095,106075
2025-11-24 17:54:00+00:00,275.095,275.21,275.07,275.16,81978
2025-11-24 17:55:00+00:00,275.16,275.233,275.1183,275.17,58594
2025-11-24 17:56:00+00:00,275.17,275.35,275.17,275.28,164772
2025-11-24 17:57:00+00:00,275.295,275.3,275.12,275.125,57510
2025-11-24 17:58:00+00:00,275.1301,275.27,275.13,275.22,65363
2025-11-24 17:59:00+00:00,275.225,275.26,275.15,275.2,58936
2025-11-24 18:00:00+00:00,275.2051,275.27,275.16,275.18,76704
2025-11-24 18:01:00+00:00,275.1735,275.349,275.15,275.32,65627
2025-11-24 18:02:00+00:00,275.3,275.325,275.16,275.21,61656
2025-11-24 18:03:00+00:00,275.2147,275.365,275.2147,275.3,49311
2025-11-24 18:04:00+00:00,275.3,275.4,275.29,275.3695,70720
2025-11-24 18:05:00+00:00,275.37,275.615,275.37,275.585,236919
2025-11-24 18:06:00+00:00,275.575,275.638,275.55,275.57,75755
2025-11-24 18:07:00+00:00,275.57,275.68,275.55,275.65,177618
2025-11-24 18:08:00+00:00,275.6401,275.69,275.57,275.6581,62701
2025-11-24 18:09:00+00:00,275.65,275.75,275.56,275.56,73723
2025-11-24 18:10:00+00:00,275.55,275.68,275.53,275.66,46353
2025-11-24 18:11:00+00:00,275.6597,275.75,275.6597,275.72,98553
2025-11-24 18:12:00+00:00,275.71,275.95,275.7,275.945,169331
2025-11-24 18:13:00+00:00,275.94,276.26,275.91,276.25,301169
2025-11-24 18:14:00+00:00,276.2539,276.29,276.08,276.18,109837
2025-11-24 18:15:00+00:00,276.19,276.2021,275.94,275.9855,100635
2025-11-24 18:16:00+00:00,275.9885,276.08,275.94,275.94,79785
2025-11-24 18:17:00+00:00,275.94,276.03,275.78,275.99,117604
2025-11-24 18:18:00+00:00,275.98,276.16,275.92,276.08,74991
2025-11-24 18:19:00+00:00,276.09,276.1999,276.09,276.11,60681
2025-11-24 18:20:00+00:00,276.12,276.38,276.11,276.33,123980
2025-11-24 18:21:00+00:00,276.34,276.44,276.26,276.345,109981
2025-11-24 18:22:00+00:00,276.35,276.51,276.3,276.4,134548
2025-11-24 18:23:00+00:00,276.4,276.507,276.36,276.4171,85243
2025-11-24 18:24:00+00:00,276.42,276.5,276.16,276.22,99153
2025-11-24 18:25:00+00:00,276.205,276.205,275.9701,276.0202,113783
2025-11-24 18:26:00+00:00,276.03,276.2,276.03,276.16,68198
2025-11-24 18:27:00+00:00,276.1799,276.18,276.0,276.06,49332
2025-11-24 18:28:00+00:00,276.05,276.08,276.0,276.071,45255
2025-11-24 18:29:00+00:00,276.0601,276.25,276.0601,276.12,53378
2025-11-24 18:30:00+00:00,276.12,276.1322,275.85,275.9,86087
2025-11-24 18:31:00+00:00,275.89,276.17,275.89,276.1,58555
2025-11-24 18:32:00+00:00,276.1,276.15,276.03,276.125,40588
2025-11-24 18:33:00+00:00,276.12,276.17,275.9714,276.0265,63564
2025-11-24 18:34:00+00:00,276.02,276.11,275.975,276.11,58284
2025-11-24 18:35:00+00:00,276.07,276.1499,276.02,276.14,34586
2025-11-24 18:36:00+00:00,276.14,276.18,276.08,276.16,49904
2025-11-24 18:37:00+00:00,276.15,276.15,276.03,276.14,37232
2025-11-24 18:38:00+00:00,276.135,276.19,276.1025,276.135,90772
2025-11-24 18:39:00+00:00,276.12,276.15,276.04,276.1,48021
2025-11-24 18:40:00+00:00,276.09,276.09,276.0,276.02,123124
2025-11-24 18:41:00+00:00,276.02,276.23,276.01,276.17,63265
2025-11-24 18:42:00+00:00,276.16,276.18,276.0367,276.06,52300
2025-11-24 18:43:00+00:00,276.06,276.11,275.99,276.1,78499
2025-11-24 18:44:00+00:00,276.1001,276.37,276.06,276.3384,151317
2025-11-24 18:45:00+00:00,276.33,276.35,276.14,276.14,87856
2025-11-24 18:46:00+00:00,276.15,276.24,276.15,276.185,40589
2025-11-24 18:47:00+00:00,276.185,276.211,276.14,276.14,55593
2025-11-24 18:48:00+00:00,276.15,276.22,276.1401,276.175,35355
2025-11-24 18:49:00+00:00,276.17,276.22,276.08,276.1299,83704
2025-11-24 18:50:00+00:00,276.13,276.18,276.105,276.145,29586
2025-11-24 18:51:00+00:00,276.15,276.25,276.14,276.21,30509
2025-11-24 18:52:00+00:00,276.21,276.23,276.12,276.15,38918
2025-11-24 18:53:00+00:00,276.145,276.16,276.08,276.1465,34831
2025-11-24 18:54:00+00:00,276.1378,276.26,276.13,276.185,47124
2025-11-24 18:55:00+00:00,276.1853,276.1853,276.0151,276.16,48635
2025-11-24 18:56:00+00:00,276.16,276.19,276.1,276.11,72382
2025-11-24 18:57:00+00:00,276.11,276.21,276.08,276.135,225492
2025-11-24 18:58:00+00:00,276.13,276.18,276.1,276.11,41957
2025-11-24 18:59:00+00:00,276.1,276.11,276.0,276.03,60485
2025-11-24 19:00:00+00:00,276.02,276.05,276.0,276.03,43506
2025-11-24 19:01:00+00:00,276.03,276.13,275.995,276.11,64529
2025-11-24 19:02:00+00:00,276.1,276.23,276.09,276.19,52837
2025-11-24 19:03:00+00:00,276.198,276.24,276.138,276.17,39452
2025-11-24 19:04:00+00:00,276.16,276.18,276.0201,276.035,39437
2025-11-24 19:05:00+00:00,276.03,276.05,275.99,276.03,70148
2025-11-24 19:06:00+00:00,276.01,276.0151,275.9,275.94,97961
2025-11-24 19:07:00+00:00,275.95,276.0699,275.92,276.055,52553
2025-11-24 19:08:00+00:00,276.07,276.2078,276.04,276.18,49085
2025-11-24 19:09:00+00:00,276.16,276.205,276.145,276.15,26847
2025-11-24 19:10:00+00:00,276.1542,276.3399,276.14,276.33,104917
2025-11-24 19:11:00+00:00,276.33,276.34,276.21,276.22,63010
2025-11-24 19:12:00+00:00,276.225,276.26,276.1648,276.22,40341
2025-11-24 19:13:00+00:00,276.23,276.24,276.15,276.18,32905
2025-11-24 19:14:00+00:00,276.17,276.205,276.13,276.17,43209
2025-11-24 19:15:00+00:00,276.19,276.28,276.1539,276.19,49354
2025-11-24 19:16:00+00:00,276.18,276.33,276.15,276.28,50782
2025-11-24 19:17:00+00:00,276.285,276.29,276.23,276.24,39929
2025-11-24 19:18:00+00:00,276.25,276.34,276.215,276.34,46083
2025-11-24 19:19:00+00:00,276.33,276.37,276.25,276.29,54217
2025-11-24 19:20:00+00:00,276.2998,276.305,276.26,276.3,31695
2025-11-24 19:21:00+00:00,276.3,276.45,276.27,276.36,153255
2025-11-24 19:22:00+00:00,276.365,276.39,276.26,276.26,50307
2025-11-24 19:23:00+00:00,276.2617,276.265,276.07,276.085,52100
2025-11-24 19:24:00+00:00,276.1,276.161,276.0706,276.11,37050
2025-11-24 19:25:00+00:00,276.11,276.19,276.1,276.1699,48124
2025-11-24 19:26:00+00:00,276.16,276.25,276.09,276.2288,43783
2025-11-24 19:27:00+00:00,276.23,276.25,276.19,276.22,38135
2025-11-24 19:28:00+00:00,276.23,276.3199,276.2299,276.2416,53587
2025-11-24 19:29:00+00:00,276.23,276.23,276.17,276.2195,38115
2025-11-24 19:30:00+00:00,276.23,276.27,276.06,276.06,57322
2025-11-24 19:31:00+00:00,276.07,276.1655,276.03,276.11,50788
2025-11-24 19:32:00+00:00,276.105,276.16,276.05,276.09,42649
2025-11-24 19:33:00+00:00,276.09,276.17,276.05,276.1,40608
2025-11-24 19:34:00+00:00,276.1,276.12,276.06,276.1,39742
2025-11-24 19:35:00+00:00,276.1,276.1009,276.0,276.03,63040
2025-11-24 19:36:00+00:00,276.04,276.04,275.355,275.8,481107
2025-11-24 19:37:00+00:00,275.7866,276.07,275.7735,275.985,114870
2025-11-24 19:38:00+00:00,275.98,276.1399,275.96,276.05,82540
2025-11-24 19:39:00+00:00,276.035,276.07,276.01,276.04,37437
2025-11-24 19:40:00+00:00,276.03,276.09,276.0,276.03,92837
2025-11-24 19:41:00+00:00,276.06,276.155,276.0,276.11,75352
2025-11-24 19:42:00+00:00,276.11,276.13,275.9757,276.0,51392
2025-11-24 19:43:00+00:00,276.015,276.03,275.92,276.0,57524
2025-11-24 19:44:00+00:00,276.0,276.03,275.97,275.986,51318
2025-11-24 19:45:00+00:00,275.98,276.0691,275.94,275.94,59531
2025-11-24 19:46:00+00:00,275.945,276.0,275.9206,275.9844,37736
2025-11-24 19:47:00+00:00,275.99,276.03,275.97,276.03,51106
2025-11-24 19:48:00+00:00,276.03,276.11,275.98,276.0,52666
2025-11-24 19:49:00+00:00,276.01,276.01,275.83,275.83,99305
2025-11-24 19:50:00+00:00,275.8299,275.91,275.799,275.9,39277
2025-11-24 19:51:00+00:00,275.92,275.93,275.765,275.8555,42133
2025-11-24 19:52:00+00:00,275.855,275.94,275.82,275.88,43340
2025-11-24 19:53:00+00:00,275.8775,275.8775,275.71,275.795,48876
2025-11-24 19:54:00+00:00,275.8,275.935,275.78,275.935,39944
2025-11-24 19:55:00+00:00,275.93,276.0,275.88,275.99,55117
2025-11-24 19:56:00+00:00,276.0,276.11,275.92,275.99,77498
2025-11-24 19:57:00+00:00,275.98,276.12,275.94,276.06,43918
2025-11-24 19:58:00+00:00,276.07,276.08,275.98,276.06,36290
2025-11-24 19:59:00+00:00,276.0542,276.1,275.965,276.08,58659
2025-11-24 20:00:00+00:00,276.1,276.15,275.94,275.9838,70685
2025-11-24 20:01:00+00:00,275.985,276.11,275.96,276.09,63212
2025-11-24 20:02:00+00:00,276.1,276.274,276.09,276.274,51833
2025-11-24 20:03:00+00:00,276.28,276.45,276.26,276.4002,166700
2025-11-24 20:04:00+00:00,276.42,276.5,276.41,276.485,53942
2025-11-24 20:05:00+00:00,276.47,276.5,276.3801,276.43,58571
2025-11-24 20:06:00+00:00,276.42,276.45,276.32,276.335,48874
2025-11-24 20:07:00+00:00,276.34,276.39,276.3,276.315,34343
2025-11-24 20:08:00+00:00,276.32,276.35,276.27,276.2971,46566
2025-11-24 20:09:00+00:00,276.28,276.32,276.26,276.3,54754
2025-11-24 20:10:00+00:00,276.29,276.3044,276.21,276.25,46508
2025-11-24 20:11:00+00:00,276.24,276.325,276.24,276.2722,40588
2025-11-24 20:12:00+00:00,276.275,276.305,276.255,276.28,48339
2025-11-24 20:13:00+00:00,276.3,276.35,276.26,276.28,47618
2025-11-24 20:14:00+00:00,276.27,276.3,276.23,276.29,53903
2025-11-24 20:15:00+00:00,276.29,276.3,276.24,276.26,50587
2025-11-24 20:16:00+00:00,276.265,276.4,276.255,276.39,89887
2025-11-24 20:17:00+00:00,276.39,276.49,276.38,276.43,74710
2025-11-24 20:18:00+00:00,276.43,276.5,276.4,276.495,46684
2025-11-24 20:19:00+00:00,276.4969,276.59,276.4601,276.5584,107248
2025-11-24 20:20:00+00:00,276.56,276.5752,276.49,276.495,116821
2025-11-24 20:21:00+00:00,276.49,276.55,276.47,276.49,49518
2025-11-24 20:22:00+00:00,276.49,276.6,276.48,276.5755,71903
2025-11-24 20:23:00+00:00,276.575,276.655,276.5665,276.58,64551
2025-11-24 20:24:00+00:00,276.57,276.5863,276.48,276.53,102521
2025-11-24 20:25:00+00:00,276.52,276.62,276.51,276.51,63461
2025-11-24 20:26:00+00:00,276.49,276.495,276.435,276.47,76600
2025-11-24 20:27:00+00:00,276.48,276.5,276.41,276.475,71705
2025-11-24 20:28:00+00:00,276.48,276.545,276.47,276.5278,81002
2025-11-24 20:29:00+00:00,276.525,276.54,276.47,276.475,63549
2025-11-24 20:30:00+00:00,276.47,276.53,276.44,276.48,61110
2025-11-24 20:31:00+00:00,276.475,276.55,276.47,276.54,100820
2025-11-24 20:32:00+00:00,276.5418,276.555,276.44,276.49,251096
2025-11-24 20:33:00+00:00,276.485,276.575,276.4801,276.56,73097
2025-11-24 20:34:00+00:00,276.565,276.62,276.495,276.6,112733
2025-11-24 20:35:00+00:00,276.6,276.7,276.6,276.6338,137239
2025-11-24 20:36:00+00:00,276.635,276.685,276.6,276.625,72132
2025-11-24 20:37:00+00:00,276.63,276.715,276.62,276.68,79989
2025-11-24 20:38:00+00:00,276.68,276.76,276.68,276.7501,65913
2025-11-24 20:39:00+00:00,276.75,276.915,276.75,276.855,148645
2025-11-24 20:40:00+00:00,276.86,276.93,276.85,276.885,124407
2025-11-24 20:41:00+00:00,276.89,276.98,276.79,276.795,113697
2025-11-24 20:42:00+00:00,276.79,276.81,276.75,276.785,72934
2025-11-24 20:43:00+00:00,276.785,276.79,276.62,276.66,103323
2025-11-24 20:44:00+00:00,276.6579,276.88,276.6579,276.8,99447
2025-11-24 20:45:00+00:00,276.79,276.8899,276.79,276.83,82151
2025-11-24 20:46:00+00:00,276.83,276.8303,276.67,276.67,82693
2025-11-24 20:47:00+00:00,276.66,276.755,276.62,276.7161,93783
2025-11-24 20:48:00+00:00,276.71,276.865,276.705,276.83,91995
2025-11-24 20:49:00+00:00,276.84,276.915,276.73,276.915,90559
2025-11-24 20:50:00+00:00,276.91,277.0,275.53,275.705,522484
2025-11-24 20:51:00+00:00,275.71,276.21,275.7,276.0,246943
2025-11-24 20:52:00+00:00,275.99,276.09,275.2728,275.29,286624
2025-11-24 20:53:00+00:00,275.28,275.72,275.24,275.58,363005
2025-11-24 20:54:00+00:00,275.57,275.61,275.11,275.49,421086
2025-11-24 20:55:00+00:00,275.51,276.43,275.51,276.18,479628
2025-11-24 20:56:00+00:00,276.18,276.18,275.8,275.9,298687
2025-11-24 20:57:00+00:00,275.91,275.91,275.64,275.885,357430
2025-11-24 20:58:00+00:00,275.88,276.0,275.7757,275.82,466202
2025-11-24 20:59:00+00:00,275.82,276.1,275.7,275.8,1565337
2025-11-24 21:00:00+00:00,275.8,275.999,275.58,275.69,15929922
2025-11-24 21:01:00+00:00,275.8,275.92,275.8,275.92,329243
2025-11-24 21:02:00+00:00,275.84,275.92,275.8,275.92,174206
2025-11-24 21:03:00+00:00,275.9,275.95,275.85,275.9,729581
2025-11-24 21:04:00+00:00,275.9,276.1,275.9,276.1,262456
2025-11-24 21:05:00+00:00,276.0,276.1,275.92,276.1,1678742
2025-11-24 21:06:00+00:00,276.1,276.1,275.92,275.92,578197
2025-11-24 21:07:00+00:00,276.05,276.05,276.05,276.05,536266
2025-11-24 21:08:00+00:00,276.1,276.1,276.09,276.09,162488
2025-11-24 21:09:00+00:00,276.0135,276.0135,276.0135,276.0135,165463
2025-11-24 21:10:00+00:00,276.0,276.0,276.0,276.0,235768
2025-11-24 21:11:00+00:00,276.05,276.05,276.0067,276.0067,185868
2025-11-24 21:12:00+00:00,276.01,276.05,276.01,276.05,122975
2025-11-24 21:13:00+00:00,276.01,276.01,276.0,276.0,708
2025-11-24 21:14:00+00:00,276.0135,276.1,276.0135,276.1,948
2025-11-24 21:15:00+00:00,276.1106,276.15,276.11,276.15,2644
2025-11-24 21:16:00+00:00,276.1551,276.1551,276.15,276.1504,3035
2025-11-24 21:17:00+00:00,276.16,276.16,276.15,276.16,266308
2025-11-24 21:19:00+00:00,276.18,276.39,276.16,276.39,833
2025-11-24 21:20:00+00:00,276.15,276.16,276.15,276.15,2423
2025-11-24 21:24:00+00:00,276.16,276.16,276.16,276.16,756
2025-11-24 21:25:00+00:00,276.16,276.16,276.16,276.16,648
2025-11-24 21:27:00+00:00,276.075,276.075,276.075,276.075,353
2025-11-24 21:28:00+00:00,276.08,276.08,276.08,276.08,337
2025-11-24 21:29:00+00:00,275.92,276.05,275.92,276.05,5511
2025-11-24 21:32:00+00:00,276.0708,276.0708,276.0708,276.0708,159
2025-11-24 21:34:00+00:00,276.07,276.07,276.05,276.05,1678
2025-11-24 21:36:00+00:00,276.1,276.14,276.1,276.1,1284
2025-11-24 21:41:00+00:00,276.1,276.1,275.92,275.92,37918
2025-11-24 21:42:00+00:00,275.92,275.92,275.92,275.92,1578
2025-11-24 21:43:00+00:00,276.0567,276.0567,276.0567,276.0567,768
2025-11-24 21:44:00+00:00,276.0501,276.0501,276.0501,276.0501,446
2025-11-24 21:45:00+00:00,276.05,276.05,276.0,276.0,2163
2025-11-24 21:46:00+00:00,275.9477,275.9477,275.9477,275.9477,334
2025-11-24 21:47:00+00:00,275.92,275.92,275.92,275.92,116
2025-11-24 21:48:00+00:00,275.9892,275.9892,275.9892,275.9892,160
2025-11-24 21:49:00+00:00,276.0,276.0,276.0,276.0,385
2025-11-24 21:52:00+00:00,275.94,275.9984,275.94,275.9984,338
2025-11-24 21:55:00+00:00,275.99,275.99,275.99,275.99,206
2025-11-24 21:57:00+00:00,276.0,276.0,276.0,276.0,318
2025-11-24 21:59:00+00:00,276.0,276.0,276.0,276.0,1469
2025-11-24 22:01:00+00:00,276.09,276.1,276.09,276.1,1041
2025-11-24 22:05:00+00:00,276.15,276.15,276.15,276.15,1030
2025-11-24 22:07:00+00:00,276.0286,276.0286,276.0286,276.0286,165
2025-11-24 22:08:00+00:00,276.07,276.07,276.07,276.07,284
2025-11-24 22:09:00+00:00,275.98,276.06,275.97,276.06,785
2025-11-24 22:10:00+00:00,276.07,276.07,276.02,276.02,2195
2025-11-24 22:12:00+00:00,276.1,276.1,276.1,276.1,265
2025-11-24 22:14:00+00:00,276.09,276.1058,276.09,276.1058,802
2025-11-24 22:18:00+00:00,276.1,276.1,276.1,276.1,378
2025-11-24 22:20:00+00:00,276.095,276.1,276.04,276.04,2031
2025-11-24 22:21:00+00:00,276.02,276.1,276.0,276.1,3934
2025-11-24 22:22:00+00:00,276.1,276.1,276.1,276.1,543
2025-11-24 22:23:00+00:00,276.06,276.06,276.06,276.06,181
2025-11-24 22:24:00+00:00,276.055,276.055,276.055,276.055,1024568
2025-11-24 22:26:00+00:00,276.15,276.15,276.04,276.04,1185
2025-11-24 22:27:00+00:00,276.14,276.14,276.04,276.0664,978
2025-11-24 22:28:00+00:00,276.1089,276.1089,276.1089,276.1089,168
2025-11-24 22:29:00+00:00,276.1,276.1,276.1,276.1,662
2025-11-24 22:31:00+00:00,276.15,276.15,276.0462,276.0462,4116
2025-11-24 22:35:00+00:00,275.9718,276.06,275.9718,276.06,520
2025-11-24 22:36:00+00:00,276.01,276.15,275.9702,276.15,786270
2025-11-24 22:38:00+00:00,276.04,276.04,276.04,276.04,665
2025-11-24 22:39:00+00:00,275.97,275.99,275.97,275.99,579
2025-11-24 22:41:00+00:00,276.0,276.0,276.0,276.0,492
2025-11-24 22:42:00+00:00,275.92,275.96,275.9,275.9,1177
2025-11-24 22:44:00+00:00,275.962,275.962,275.962,275.962,581
2025-11-24 22:46:00+00:00,275.94,275.94,275.92,275.92,726
2025-11-24 22:47:00+00:00,276.0,276.0,275.95,275.95,915
2025-11-24 22:48:00+00:00,275.95,275.95,275.95,275.95,320
2025-11-24 22:49:00+00:00,275.92,275.95,275.92,275.95,714
2025-11-24 22:50:00+00:00,275.9,275.9,275.9,275.9,515
2025-11-24 22:51:00+00:00,275.88,275.88,275.88,275.88,355
2025-11-24 22:52:00+00:00,275.88,275.88,275.84,275.84,368
2025-11-24 22:53:00+00:00,275.84,275.85,275.84,275.85,395
2025-11-24 22:55:00+00:00,275.85,275.88,275.85,275.88,2794
2025-11-24 22:56:00+00:00,275.9,275.9,275.9,275.9,454
2025-11-24 22:58:00+00:00,275.8,275.8,275.8,275.8,319
2025-11-24 22:59:00+00:00,275.71,275.86,275.71,275.86,737
2025-11-24 23:00:00+00:00,275.65,275.65,275.51,275.51,1936
2025-11-24 23:01:00+00:00,275.53,275.592,275.53,275.592,285
2025-11-24 23:02:00+00:00,275.6,275.6,275.6,275.6,595
2025-11-24 23:03:00+00:00,275.58,275.6,275.58,275.6,871
2025-11-24 23:05:00+00:00,275.88,275.88,275.88,275.88,162
2025-11-24 23:07:00+00:00,275.88,275.88,275.85,275.85,58495
2025-11-24 23:08:00+00:00,275.88,275.88,275.86,275.86,2185
2025-11-24 23:09:00+00:00,275.6,275.87,275.6,275.87,1941
2025-11-24 23:10:00+00:00,275.83,275.83,275.83,275.83,542
2025-11-24 23:12:00+00:00,275.9,275.9,275.9,275.9,538
